anchor_id,partition,event_family,signal_bar_open_utc,decision_available_utc,mode,source_status,source_reason,source,source_as_of_utc,active,filing_count,severity,base_form,category,age_hours,capacity_only,available_at_utc,accession,direction_claim
AMC15X-001,DISCOVERY,CONTINUATION,2024-08-23T15:15:00+00:00,2024-08-23T15:30:00+00:00,PUBLIC_ACCEPTANCE,INACTIVE,COVERED,sec-submissions-and-archives,2026-08-14T00:00:00Z,False,0,,,,,False,,,
AMC15X-001,DISCOVERY,CONTINUATION,2024-08-23T15:15:00+00:00,2024-08-23T15:30:00+00:00,OPERATIONAL_SEEN,SOURCE_UNAVAILABLE,COVERAGE_NOT_COMPLETE,sec-submissions-and-archives,2026-08-14T00:00:00Z,,,,,,,,,,
AMC15X-002,DISCOVERY,RISK_OR_EXHAUSTION,2024-08-26T13:45:00+00:00,2024-08-26T14:00:00+00:00,PUBLIC_ACCEPTANCE,INACTIVE,COVERED,sec-submissions-and-archives,2026-08-14T00:00:00Z,False,0,,,,,False,,,
AMC15X-002,DISCOVERY,RISK_OR_EXHAUSTION,2024-08-26T13:45:00+00:00,2024-08-26T14:00:00+00:00,OPERATIONAL_SEEN,SOURCE_UNAVAILABLE,COVERAGE_NOT_COMPLETE,sec-submissions-and-archives,2026-08-14T00:00:00Z,,,,,,,,,,
AMC15X-003,DISCOVERY,ENTRY_FORMING,2024-08-30T18:00:00+00:00,2024-08-30T18:15:00+00:00,PUBLIC_ACCEPTANCE,INACTIVE,COVERED,sec-submissions-and-archives,2026-08-14T00:00:00Z,False,0,,,,,False,,,
AMC15X-003,DISCOVERY,ENTRY_FORMING,2024-08-30T18:00:00+00:00,2024-08-30T18:15:00+00:00,OPERATIONAL_SEEN,SOURCE_UNAVAILABLE,COVERAGE_NOT_COMPLETE,sec-submissions-and-archives,2026-08-14T00:00:00Z,,,,,,,,,,
AMC15X-004,DISCOVERY,THESIS_PRESSURE,2024-09-03T13:45:00+00:00,2024-09-03T14:00:00+00:00,PUBLIC_ACCEPTANCE,INACTIVE,COVERED,sec-submissions-and-archives,2026-08-14T00:00:00Z,False,0,,,,,False,,,
AMC15X-004,DISCOVERY,THESIS_PRESSURE,2024-09-03T13:45:00+00:00,2024-09-03T14:00:00+00:00,OPERATIONAL_SEEN,SOURCE_UNAVAILABLE,COVERAGE_NOT_COMPLETE,sec-submissions-and-archives,2026-08-14T00:00:00Z,,,,,,,,,,
AMC15SUP-001,DISCOVERY,ENTRY_FORMING,2024-09-09T19:45:00+00:00,2024-09-09T20:00:00+00:00,PUBLIC_ACCEPTANCE,INACTIVE,COVERED,sec-submissions-and-archives,2026-08-14T00:00:00Z,False,0,,,,,False,,,
AMC15SUP-001,DISCOVERY,ENTRY_FORMING,2024-09-09T19:45:00+00:00,2024-09-09T20:00:00+00:00,OPERATIONAL_SEEN,SOURCE_UNAVAILABLE,COVERAGE_NOT_COMPLETE,sec-submissions-and-archives,2026-08-14T00:00:00Z,,,,,,,,,,
AMC15SUP-002,DISCOVERY,CONTINUATION,2024-09-10T19:30:00+00:00,2024-09-10T19:45:00+00:00,PUBLIC_ACCEPTANCE,INACTIVE,COVERED,sec-submissions-and-archives,2026-08-14T00:00:00Z,False,0,,,,,False,,,
AMC15SUP-002,DISCOVERY,CONTINUATION,2024-09-10T19:30:00+00:00,2024-09-10T19:45:00+00:00,OPERATIONAL_SEEN,SOURCE_UNAVAILABLE,COVERAGE_NOT_COMPLETE,sec-submissions-and-archives,2026-08-14T00:00:00Z,,,,,,,,,,
AMC15SUP-003,DISCOVERY,ENTRY_FORMING,2024-10-04T13:30:00+00:00,2024-10-04T13:45:00+00:00,PUBLIC_ACCEPTANCE,INACTIVE,COVERED,sec-submissions-and-archives,2026-08-14T00:00:00Z,False,0,,,,,False,,,
AMC15SUP-003,DISCOVERY,ENTRY_FORMING,2024-10-04T13:30:00+00:00,2024-10-04T13:45:00+00:00,OPERATIONAL_SEEN,SOURCE_UNAVAILABLE,COVERAGE_NOT_COMPLETE,sec-submissions-and-archives,2026-08-14T00:00:00Z,,,,,,,,,,
AMC15X-005,DISCOVERY,ENTRY_FORMING,2024-10-10T19:15:00+00:00,2024-10-10T19:30:00+00:00,PUBLIC_ACCEPTANCE,INACTIVE,COVERED,sec-submissions-and-archives,2026-08-14T00:00:00Z,False,0,,,,,False,,,
AMC15X-005,DISCOVERY,ENTRY_FORMING,2024-10-10T19:15:00+00:00,2024-10-10T19:30:00+00:00,OPERATIONAL_SEEN,SOURCE_UNAVAILABLE,COVERAGE_NOT_COMPLETE,sec-submissions-and-archives,2026-08-14T00:00:00Z,,,,,,,,,,
AMC15SUP-004,DISCOVERY,CONTINUATION,2024-10-18T16:00:00+00:00,2024-10-18T16:15:00+00:00,PUBLIC_ACCEPTANCE,INACTIVE,COVERED,sec-submissions-and-archives,2026-08-14T00:00:00Z,False,0,,,,,False,,,
AMC15SUP-004,DISCOVERY,CONTINUATION,2024-10-18T16:00:00+00:00,2024-10-18T16:15:00+00:00,OPERATIONAL_SEEN,SOURCE_UNAVAILABLE,COVERAGE_NOT_COMPLETE,sec-submissions-and-archives,2026-08-14T00:00:00Z,,,,,,,,,,
AMC15SUP-005,DISCOVERY,ENTRY_FORMING,2024-10-22T19:15:00+00:00,2024-10-22T19:30:00+00:00,PUBLIC_ACCEPTANCE,INACTIVE,COVERED,sec-submissions-and-archives,2026-08-14T00:00:00Z,False,0,,,,,False,,,
AMC15SUP-005,DISCOVERY,ENTRY_FORMING,2024-10-22T19:15:00+00:00,2024-10-22T19:30:00+00:00,OPERATIONAL_SEEN,SOURCE_UNAVAILABLE,COVERAGE_NOT_COMPLETE,sec-submissions-and-archives,2026-08-14T00:00:00Z,,,,,,,,,,
AMC15X-006,DISCOVERY,RISK_OR_EXHAUSTION,2024-10-22T19:30:00+00:00,2024-10-22T19:45:00+00:00,PUBLIC_ACCEPTANCE,INACTIVE,COVERED,sec-submissions-and-archives,2026-08-14T00:00:00Z,False,0,,,,,False,,,
AMC15X-006,DISCOVERY,RISK_OR_EXHAUSTION,2024-10-22T19:30:00+00:00,2024-10-22T19:45:00+00:00,OPERATIONAL_SEEN,SOURCE_UNAVAILABLE,COVERAGE_NOT_COMPLETE,sec-submissions-and-archives,2026-08-14T00:00:00Z,,,,,,,,,,
AMC15X-007,DISCOVERY,THESIS_PRESSURE,2024-10-23T15:15:00+00:00,2024-10-23T15:30:00+00:00,PUBLIC_ACCEPTANCE,INACTIVE,COVERED,sec-submissions-and-archives,2026-08-14T00:00:00Z,False,0,,,,,False,,,
AMC15X-007,DISCOVERY,THESIS_PRESSURE,2024-10-23T15:15:00+00:00,2024-10-23T15:30:00+00:00,OPERATIONAL_SEEN,SOURCE_UNAVAILABLE,COVERAGE_NOT_COMPLETE,sec-submissions-and-archives,2026-08-14T00:00:00Z,,,,,,,,,,
AMC15X-008,DISCOVERY,CONTINUATION,2024-10-24T13:45:00+00:00,2024-10-24T14:00:00+00:00,PUBLIC_ACCEPTANCE,INACTIVE,COVERED,sec-submissions-and-archives,2026-08-14T00:00:00Z,False,0,,,,,False,,,
AMC15X-008,DISCOVERY,CONTINUATION,2024-10-24T13:45:00+00:00,2024-10-24T14:00:00+00:00,OPERATIONAL_SEEN,SOURCE_UNAVAILABLE,COVERAGE_NOT_COMPLETE,sec-submissions-and-archives,2026-08-14T00:00:00Z,,,,,,,,,,
AMC15X-009,DISCOVERY,RISK_OR_EXHAUSTION,2024-10-30T14:15:00+00:00,2024-10-30T14:30:00+00:00,PUBLIC_ACCEPTANCE,INACTIVE,COVERED,sec-submissions-and-archives,2026-08-14T00:00:00Z,False,0,,,,,False,,,
AMC15X-009,DISCOVERY,RISK_OR_EXHAUSTION,2024-10-30T14:15:00+00:00,2024-10-30T14:30:00+00:00,OPERATIONAL_SEEN,SOURCE_UNAVAILABLE,COVERAGE_NOT_COMPLETE,sec-submissions-and-archives,2026-08-14T00:00:00Z,,,,,,,,,,
AMC15SUP-006,DISCOVERY,CONTINUATION,2024-11-01T13:45:00+00:00,2024-11-01T14:00:00+00:00,PUBLIC_ACCEPTANCE,INACTIVE,COVERED,sec-submissions-and-archives,2026-08-14T00:00:00Z,False,0,,,,,False,,,
AMC15SUP-006,DISCOVERY,CONTINUATION,2024-11-01T13:45:00+00:00,2024-11-01T14:00:00+00:00,OPERATIONAL_SEEN,SOURCE_UNAVAILABLE,COVERAGE_NOT_COMPLETE,sec-submissions-and-archives,2026-08-14T00:00:00Z,,,,,,,,,,
AMC15X-010,DISCOVERY,ENTRY_FORMING,2024-11-08T20:45:00+00:00,2024-11-08T21:00:00+00:00,PUBLIC_ACCEPTANCE,ACTIVE,COVERED,sec-submissions-and-archives,2026-08-14T00:00:00Z,True,2,MEDIUM,8-K,MATERIAL_FILING,47.600833333333334,False,2024-11-06T21:23:57+00:00,0001411579-24-000075,
AMC15X-010,DISCOVERY,ENTRY_FORMING,2024-11-08T20:45:00+00:00,2024-11-08T21:00:00+00:00,OPERATIONAL_SEEN,SOURCE_UNAVAILABLE,COVERAGE_NOT_COMPLETE,sec-submissions-and-archives,2026-08-14T00:00:00Z,,,,,,,,,,
AMC15X-011,DISCOVERY,CONTINUATION,2024-11-12T14:30:00+00:00,2024-11-12T14:45:00+00:00,PUBLIC_ACCEPTANCE,INACTIVE,COVERED,sec-submissions-and-archives,2026-08-14T00:00:00Z,False,0,,,,,False,,,
AMC15X-011,DISCOVERY,CONTINUATION,2024-11-12T14:30:00+00:00,2024-11-12T14:45:00+00:00,OPERATIONAL_SEEN,SOURCE_UNAVAILABLE,COVERAGE_NOT_COMPLETE,sec-submissions-and-archives,2026-08-14T00:00:00Z,,,,,,,,,,
AMC15SUP-007,DISCOVERY,CONTINUATION,2024-11-14T18:00:00+00:00,2024-11-14T18:15:00+00:00,PUBLIC_ACCEPTANCE,ACTIVE,COVERED,sec-submissions-and-archives,2026-08-14T00:00:00Z,True,1,MEDIUM,8-K,MATERIAL_FILING,43.89833333333333,False,2024-11-12T22:21:06+00:00,0001104659-24-116935,
AMC15SUP-007,DISCOVERY,CONTINUATION,2024-11-14T18:00:00+00:00,2024-11-14T18:15:00+00:00,OPERATIONAL_SEEN,SOURCE_UNAVAILABLE,COVERAGE_NOT_COMPLETE,sec-submissions-and-archives,2026-08-14T00:00:00Z,,,,,,,,,,
AMC15X-012,DISCOVERY,THESIS_PRESSURE,2024-11-15T15:15:00+00:00,2024-11-15T15:30:00+00:00,PUBLIC_ACCEPTANCE,ACTIVE,COVERED,sec-submissions-and-archives,2026-08-14T00:00:00Z,True,1,MEDIUM,8-K,MATERIAL_FILING,65.14833333333333,False,2024-11-12T22:21:06+00:00,0001104659-24-116935,
AMC15X-012,DISCOVERY,THESIS_PRESSURE,2024-11-15T15:15:00+00:00,2024-11-15T15:30:00+00:00,OPERATIONAL_SEEN,SOURCE_UNAVAILABLE,COVERAGE_NOT_COMPLETE,sec-submissions-and-archives,2026-08-14T00:00:00Z,,,,,,,,,,
AMC15SUP-008,DISCOVERY,ENTRY_FORMING,2024-11-20T15:45:00+00:00,2024-11-20T16:00:00+00:00,PUBLIC_ACCEPTANCE,INACTIVE,COVERED,sec-submissions-and-archives,2026-08-14T00:00:00Z,False,0,,,,,False,,,
AMC15SUP-008,DISCOVERY,ENTRY_FORMING,2024-11-20T15:45:00+00:00,2024-11-20T16:00:00+00:00,OPERATIONAL_SEEN,SOURCE_UNAVAILABLE,COVERAGE_NOT_COMPLETE,sec-submissions-and-archives,2026-08-14T00:00:00Z,,,,,,,,,,
AMC15X-013,DISCOVERY,RISK_OR_EXHAUSTION,2024-11-22T15:15:00+00:00,2024-11-22T15:30:00+00:00,PUBLIC_ACCEPTANCE,INACTIVE,COVERED,sec-submissions-and-archives,2026-08-14T00:00:00Z,False,0,,,,,False,,,
AMC15X-013,DISCOVERY,RISK_OR_EXHAUSTION,2024-11-22T15:15:00+00:00,2024-11-22T15:30:00+00:00,OPERATIONAL_SEEN,SOURCE_UNAVAILABLE,COVERAGE_NOT_COMPLETE,sec-submissions-and-archives,2026-08-14T00:00:00Z,,,,,,,,,,
AMC15X-014,DISCOVERY,CONTINUATION,2024-11-27T14:45:00+00:00,2024-11-27T15:00:00+00:00,PUBLIC_ACCEPTANCE,INACTIVE,COVERED,sec-submissions-and-archives,2026-08-14T00:00:00Z,False,0,,,,,False,,,
AMC15X-014,DISCOVERY,CONTINUATION,2024-11-27T14:45:00+00:00,2024-11-27T15:00:00+00:00,OPERATIONAL_SEEN,SOURCE_UNAVAILABLE,COVERAGE_NOT_COMPLETE,sec-submissions-and-archives,2026-08-14T00:00:00Z,,,,,,,,,,
AMC15SUP-009,DISCOVERY,CONTINUATION,2024-11-27T19:30:00+00:00,2024-11-27T19:45:00+00:00,PUBLIC_ACCEPTANCE,INACTIVE,COVERED,sec-submissions-and-archives,2026-08-14T00:00:00Z,False,0,,,,,False,,,
AMC15SUP-009,DISCOVERY,CONTINUATION,2024-11-27T19:30:00+00:00,2024-11-27T19:45:00+00:00,OPERATIONAL_SEEN,SOURCE_UNAVAILABLE,COVERAGE_NOT_COMPLETE,sec-submissions-and-archives,2026-08-14T00:00:00Z,,,,,,,,,,
AMC15SUP-010,DISCOVERY,CONTINUATION,2024-12-05T17:15:00+00:00,2024-12-05T17:30:00+00:00,PUBLIC_ACCEPTANCE,INACTIVE,COVERED,sec-submissions-and-archives,2026-08-14T00:00:00Z,False,0,,,,,False,,,
AMC15SUP-010,DISCOVERY,CONTINUATION,2024-12-05T17:15:00+00:00,2024-12-05T17:30:00+00:00,OPERATIONAL_SEEN,SOURCE_UNAVAILABLE,COVERAGE_NOT_COMPLETE,sec-submissions-and-archives,2026-08-14T00:00:00Z,,,,,,,,,,
AMC15X-015,DISCOVERY,RISK_OR_EXHAUSTION,2024-12-05T19:45:00+00:00,2024-12-05T20:00:00+00:00,PUBLIC_ACCEPTANCE,INACTIVE,COVERED,sec-submissions-and-archives,2026-08-14T00:00:00Z,False,0,,,,,False,,,
AMC15X-015,DISCOVERY,RISK_OR_EXHAUSTION,2024-12-05T19:45:00+00:00,2024-12-05T20:00:00+00:00,OPERATIONAL_SEEN,SOURCE_UNAVAILABLE,COVERAGE_NOT_COMPLETE,sec-submissions-and-archives,2026-08-14T00:00:00Z,,,,,,,,,,
AMC15X-016,DISCOVERY,ENTRY_FORMING,2024-12-17T14:30:00+00:00,2024-12-17T14:45:00+00:00,PUBLIC_ACCEPTANCE,INACTIVE,COVERED,sec-submissions-and-archives,2026-08-14T00:00:00Z,False,0,,,,,False,,,
AMC15X-016,DISCOVERY,ENTRY_FORMING,2024-12-17T14:30:00+00:00,2024-12-17T14:45:00+00:00,OPERATIONAL_SEEN,SOURCE_UNAVAILABLE,COVERAGE_NOT_COMPLETE,sec-submissions-and-archives,2026-08-14T00:00:00Z,,,,,,,,,,
AMC15SUP-011,DISCOVERY,ENTRY_FORMING,2024-12-20T20:30:00+00:00,2024-12-20T20:45:00+00:00,PUBLIC_ACCEPTANCE,INACTIVE,COVERED,sec-submissions-and-archives,2026-08-14T00:00:00Z,False,0,,,,,False,,,
AMC15SUP-011,DISCOVERY,ENTRY_FORMING,2024-12-20T20:30:00+00:00,2024-12-20T20:45:00+00:00,OPERATIONAL_SEEN,SOURCE_UNAVAILABLE,COVERAGE_NOT_COMPLETE,sec-submissions-and-archives,2026-08-14T00:00:00Z,,,,,,,,,,
AMC15X-017,DISCOVERY,THESIS_PRESSURE,2024-12-24T17:30:00+00:00,2024-12-24T17:45:00+00:00,PUBLIC_ACCEPTANCE,INACTIVE,COVERED,sec-submissions-and-archives,2026-08-14T00:00:00Z,False,0,,,,,False,,,
AMC15X-017,DISCOVERY,THESIS_PRESSURE,2024-12-24T17:30:00+00:00,2024-12-24T17:45:00+00:00,OPERATIONAL_SEEN,SOURCE_UNAVAILABLE,COVERAGE_NOT_COMPLETE,sec-submissions-and-archives,2026-08-14T00:00:00Z,,,,,,,,,,
AMC15X-018,DISCOVERY,CONTINUATION,2024-12-26T14:30:00+00:00,2024-12-26T14:45:00+00:00,PUBLIC_ACCEPTANCE,INACTIVE,COVERED,sec-submissions-and-archives,2026-08-14T00:00:00Z,False,0,,,,,False,,,
AMC15X-018,DISCOVERY,CONTINUATION,2024-12-26T14:30:00+00:00,2024-12-26T14:45:00+00:00,OPERATIONAL_SEEN,SOURCE_UNAVAILABLE,COVERAGE_NOT_COMPLETE,sec-submissions-and-archives,2026-08-14T00:00:00Z,,,,,,,,,,
AMC15SUP-012,DISCOVERY,CONTINUATION,2025-01-06T19:15:00+00:00,2025-01-06T19:30:00+00:00,PUBLIC_ACCEPTANCE,INACTIVE,COVERED,sec-submissions-and-archives,2026-08-14T00:00:00Z,False,0,,,,,False,,,
AMC15SUP-012,DISCOVERY,CONTINUATION,2025-01-06T19:15:00+00:00,2025-01-06T19:30:00+00:00,OPERATIONAL_SEEN,SOURCE_UNAVAILABLE,COVERAGE_NOT_COMPLETE,sec-submissions-and-archives,2026-08-14T00:00:00Z,,,,,,,,,,
AMC15SUP-013,DISCOVERY,ENTRY_FORMING,2025-01-16T19:45:00+00:00,2025-01-16T20:00:00+00:00,PUBLIC_ACCEPTANCE,INACTIVE,COVERED,sec-submissions-and-archives,2026-08-14T00:00:00Z,False,0,,,,,False,,,
AMC15SUP-013,DISCOVERY,ENTRY_FORMING,2025-01-16T19:45:00+00:00,2025-01-16T20:00:00+00:00,OPERATIONAL_SEEN,SOURCE_UNAVAILABLE,COVERAGE_NOT_COMPLETE,sec-submissions-and-archives,2026-08-14T00:00:00Z,,,,,,,,,,
AMC15X-019,DISCOVERY,CONTINUATION,2025-01-17T15:30:00+00:00,2025-01-17T15:45:00+00:00,PUBLIC_ACCEPTANCE,ACTIVE,COVERED,sec-submissions-and-archives,2026-08-14T00:00:00Z,True,1,MEDIUM,8-K,MATERIAL_FILING,17.468611111111112,False,2025-01-16T22:16:53+00:00,0001104659-25-004162,
AMC15X-019,DISCOVERY,CONTINUATION,2025-01-17T15:30:00+00:00,2025-01-17T15:45:00+00:00,OPERATIONAL_SEEN,SOURCE_UNAVAILABLE,COVERAGE_NOT_COMPLETE,sec-submissions-and-archives,2026-08-14T00:00:00Z,,,,,,,,,,
AMC15X-020,DISCOVERY,THESIS_PRESSURE,2025-01-27T17:45:00+00:00,2025-01-27T18:00:00+00:00,PUBLIC_ACCEPTANCE,INACTIVE,COVERED,sec-submissions-and-archives,2026-08-14T00:00:00Z,False,0,,,,,False,,,
AMC15X-020,DISCOVERY,THESIS_PRESSURE,2025-01-27T17:45:00+00:00,2025-01-27T18:00:00+00:00,OPERATIONAL_SEEN,SOURCE_UNAVAILABLE,COVERAGE_NOT_COMPLETE,sec-submissions-and-archives,2026-08-14T00:00:00Z,,,,,,,,,,
AMC15X-021,DISCOVERY,ENTRY_FORMING,2025-01-28T19:30:00+00:00,2025-01-28T19:45:00+00:00,PUBLIC_ACCEPTANCE,INACTIVE,COVERED,sec-submissions-and-archives,2026-08-14T00:00:00Z,False,0,,,,,False,,,
AMC15X-021,DISCOVERY,ENTRY_FORMING,2025-01-28T19:30:00+00:00,2025-01-28T19:45:00+00:00,OPERATIONAL_SEEN,SOURCE_UNAVAILABLE,COVERAGE_NOT_COMPLETE,sec-submissions-and-archives,2026-08-14T00:00:00Z,,,,,,,,,,
AMC15SUP-014,DISCOVERY,ENTRY_FORMING,2025-02-10T20:15:00+00:00,2025-02-10T20:30:00+00:00,PUBLIC_ACCEPTANCE,INACTIVE,COVERED,sec-submissions-and-archives,2026-08-14T00:00:00Z,False,0,,,,,False,,,
AMC15SUP-014,DISCOVERY,ENTRY_FORMING,2025-02-10T20:15:00+00:00,2025-02-10T20:30:00+00:00,OPERATIONAL_SEEN,SOURCE_UNAVAILABLE,COVERAGE_NOT_COMPLETE,sec-submissions-and-archives,2026-08-14T00:00:00Z,,,,,,,,,,
AMC15SUP-015,DISCOVERY,CONTINUATION,2025-02-12T16:45:00+00:00,2025-02-12T17:00:00+00:00,PUBLIC_ACCEPTANCE,ACTIVE,COVERED,sec-submissions-and-archives,2026-08-14T00:00:00Z,True,1,INFO,3,INSIDER_FILING,20.825833333333332,False,2025-02-11T20:10:27+00:00,0002056101-25-000001,
AMC15SUP-015,DISCOVERY,CONTINUATION,2025-02-12T16:45:00+00:00,2025-02-12T17:00:00+00:00,OPERATIONAL_SEEN,SOURCE_UNAVAILABLE,COVERAGE_NOT_COMPLETE,sec-submissions-and-archives,2026-08-14T00:00:00Z,,,,,,,,,,
AMC15X-022,DISCOVERY,RISK_OR_EXHAUSTION,2025-02-12T18:15:00+00:00,2025-02-12T18:30:00+00:00,PUBLIC_ACCEPTANCE,ACTIVE,COVERED,sec-submissions-and-archives,2026-08-14T00:00:00Z,True,1,INFO,3,INSIDER_FILING,22.325833333333332,False,2025-02-11T20:10:27+00:00,0002056101-25-000001,
AMC15X-022,DISCOVERY,RISK_OR_EXHAUSTION,2025-02-12T18:15:00+00:00,2025-02-12T18:30:00+00:00,OPERATIONAL_SEEN,SOURCE_UNAVAILABLE,COVERAGE_NOT_COMPLETE,sec-submissions-and-archives,2026-08-14T00:00:00Z,,,,,,,,,,
AMC15X-023,DISCOVERY,ENTRY_FORMING,2025-02-25T20:45:00+00:00,2025-02-25T21:00:00+00:00,PUBLIC_ACCEPTANCE,INACTIVE,COVERED,sec-submissions-and-archives,2026-08-14T00:00:00Z,False,0,,,,,False,,,
AMC15X-023,DISCOVERY,ENTRY_FORMING,2025-02-25T20:45:00+00:00,2025-02-25T21:00:00+00:00,OPERATIONAL_SEEN,SOURCE_UNAVAILABLE,COVERAGE_NOT_COMPLETE,sec-submissions-and-archives,2026-08-14T00:00:00Z,,,,,,,,,,
AMC15SUP-016,DISCOVERY,CONTINUATION,2025-02-27T15:00:00+00:00,2025-02-27T15:15:00+00:00,PUBLIC_ACCEPTANCE,ACTIVE,COVERED,sec-submissions-and-archives,2026-08-14T00:00:00Z,True,9,MEDIUM,8-K,MATERIAL_FILING,41.94611111111111,False,2025-02-25T21:18:14+00:00,0001411579-25-000037,
AMC15SUP-016,DISCOVERY,CONTINUATION,2025-02-27T15:00:00+00:00,2025-02-27T15:15:00+00:00,OPERATIONAL_SEEN,SOURCE_UNAVAILABLE,COVERAGE_NOT_COMPLETE,sec-submissions-and-archives,2026-08-14T00:00:00Z,,,,,,,,,,
AMC15X-024,DISCOVERY,CONTINUATION,2025-02-28T15:45:00+00:00,2025-02-28T16:00:00+00:00,PUBLIC_ACCEPTANCE,ACTIVE,COVERED,sec-submissions-and-archives,2026-08-14T00:00:00Z,True,9,MEDIUM,8-K,MATERIAL_FILING,66.69611111111111,False,2025-02-25T21:18:14+00:00,0001411579-25-000037,
AMC15X-024,DISCOVERY,CONTINUATION,2025-02-28T15:45:00+00:00,2025-02-28T16:00:00+00:00,OPERATIONAL_SEEN,SOURCE_UNAVAILABLE,COVERAGE_NOT_COMPLETE,sec-submissions-and-archives,2026-08-14T00:00:00Z,,,,,,,,,,
AMC15SUP-017,DISCOVERY,ENTRY_FORMING,2025-03-07T14:45:00+00:00,2025-03-07T15:00:00+00:00,PUBLIC_ACCEPTANCE,INACTIVE,COVERED,sec-submissions-and-archives,2026-08-14T00:00:00Z,False,0,,,,,False,,,
AMC15SUP-017,DISCOVERY,ENTRY_FORMING,2025-03-07T14:45:00+00:00,2025-03-07T15:00:00+00:00,OPERATIONAL_SEEN,SOURCE_UNAVAILABLE,COVERAGE_NOT_COMPLETE,sec-submissions-and-archives,2026-08-14T00:00:00Z,,,,,,,,,,
AMC15X-025,DISCOVERY,THESIS_PRESSURE,2025-03-07T17:00:00+00:00,2025-03-07T17:15:00+00:00,PUBLIC_ACCEPTANCE,INACTIVE,COVERED,sec-submissions-and-archives,2026-08-14T00:00:00Z,False,0,,,,,False,,,
AMC15X-025,DISCOVERY,THESIS_PRESSURE,2025-03-07T17:00:00+00:00,2025-03-07T17:15:00+00:00,OPERATIONAL_SEEN,SOURCE_UNAVAILABLE,COVERAGE_NOT_COMPLETE,sec-submissions-and-archives,2026-08-14T00:00:00Z,,,,,,,,,,
AMC15SUP-018,DISCOVERY,CONTINUATION,2025-03-19T19:30:00+00:00,2025-03-19T19:45:00+00:00,PUBLIC_ACCEPTANCE,ACTIVE,COVERED,sec-submissions-and-archives,2026-08-14T00:00:00Z,True,1,INFO,3,INSIDER_FILING,51.35333333333333,False,2025-03-17T16:23:48+00:00,0002056101-25-000002,
AMC15SUP-018,DISCOVERY,CONTINUATION,2025-03-19T19:30:00+00:00,2025-03-19T19:45:00+00:00,OPERATIONAL_SEEN,SOURCE_UNAVAILABLE,COVERAGE_NOT_COMPLETE,sec-submissions-and-archives,2026-08-14T00:00:00Z,,,,,,,,,,
AMC15SUP-019,DISCOVERY,ENTRY_FORMING,2025-04-04T19:30:00+00:00,2025-04-04T19:45:00+00:00,PUBLIC_ACCEPTANCE,INACTIVE,COVERED,sec-submissions-and-archives,2026-08-14T00:00:00Z,False,0,,,,,False,,,
AMC15SUP-019,DISCOVERY,ENTRY_FORMING,2025-04-04T19:30:00+00:00,2025-04-04T19:45:00+00:00,OPERATIONAL_SEEN,SOURCE_UNAVAILABLE,COVERAGE_NOT_COMPLETE,sec-submissions-and-archives,2026-08-14T00:00:00Z,,,,,,,,,,
AMC15X-026,DISCOVERY,CONTINUATION,2025-04-08T13:30:00+00:00,2025-04-08T13:45:00+00:00,PUBLIC_ACCEPTANCE,INACTIVE,COVERED,sec-submissions-and-archives,2026-08-14T00:00:00Z,False,0,,,,,False,,,
AMC15X-026,DISCOVERY,CONTINUATION,2025-04-08T13:30:00+00:00,2025-04-08T13:45:00+00:00,OPERATIONAL_SEEN,SOURCE_UNAVAILABLE,COVERAGE_NOT_COMPLETE,sec-submissions-and-archives,2026-08-14T00:00:00Z,,,,,,,,,,
AMC15X-027,DISCOVERY,THESIS_PRESSURE,2025-04-08T18:00:00+00:00,2025-04-08T18:15:00+00:00,PUBLIC_ACCEPTANCE,INACTIVE,COVERED,sec-submissions-and-archives,2026-08-14T00:00:00Z,False,0,,,,,False,,,
AMC15X-027,DISCOVERY,THESIS_PRESSURE,2025-04-08T18:00:00+00:00,2025-04-08T18:15:00+00:00,OPERATIONAL_SEEN,SOURCE_UNAVAILABLE,COVERAGE_NOT_COMPLETE,sec-submissions-and-archives,2026-08-14T00:00:00Z,,,,,,,,,,
AMC15SUP-020,DISCOVERY,CONTINUATION,2025-04-09T18:30:00+00:00,2025-04-09T18:45:00+00:00,PUBLIC_ACCEPTANCE,INACTIVE,COVERED,sec-submissions-and-archives,2026-08-14T00:00:00Z,False,0,,,,,False,,,
AMC15SUP-020,DISCOVERY,CONTINUATION,2025-04-09T18:30:00+00:00,2025-04-09T18:45:00+00:00,OPERATIONAL_SEEN,SOURCE_UNAVAILABLE,COVERAGE_NOT_COMPLETE,sec-submissions-and-archives,2026-08-14T00:00:00Z,,,,,,,,,,
AMC15X-028,DISCOVERY,ENTRY_FORMING,2025-04-10T19:30:00+00:00,2025-04-10T19:45:00+00:00,PUBLIC_ACCEPTANCE,INACTIVE,COVERED,sec-submissions-and-archives,2026-08-14T00:00:00Z,False,0,,,,,False,,,
AMC15X-028,DISCOVERY,ENTRY_FORMING,2025-04-10T19:30:00+00:00,2025-04-10T19:45:00+00:00,OPERATIONAL_SEEN,SOURCE_UNAVAILABLE,COVERAGE_NOT_COMPLETE,sec-submissions-and-archives,2026-08-14T00:00:00Z,,,,,,,,,,
AMC15X-029,DISCOVERY,CONTINUATION,2025-04-28T15:30:00+00:00,2025-04-28T15:45:00+00:00,PUBLIC_ACCEPTANCE,INACTIVE,COVERED,sec-submissions-and-archives,2026-08-14T00:00:00Z,False,0,,,,,False,,,
AMC15X-029,DISCOVERY,CONTINUATION,2025-04-28T15:30:00+00:00,2025-04-28T15:45:00+00:00,OPERATIONAL_SEEN,SOURCE_UNAVAILABLE,COVERAGE_NOT_COMPLETE,sec-submissions-and-archives,2026-08-14T00:00:00Z,,,,,,,,,,
AMC15X-030,DISCOVERY,THESIS_PRESSURE,2025-04-28T19:00:00+00:00,2025-04-28T19:15:00+00:00,PUBLIC_ACCEPTANCE,INACTIVE,COVERED,sec-submissions-and-archives,2026-08-14T00:00:00Z,False,0,,,,,False,,,
AMC15X-030,DISCOVERY,THESIS_PRESSURE,2025-04-28T19:00:00+00:00,2025-04-28T19:15:00+00:00,OPERATIONAL_SEEN,SOURCE_UNAVAILABLE,COVERAGE_NOT_COMPLETE,sec-submissions-and-archives,2026-08-14T00:00:00Z,,,,,,,,,,
AMC15SUP-021,DISCOVERY,CONTINUATION,2025-04-29T13:30:00+00:00,2025-04-29T13:45:00+00:00,PUBLIC_ACCEPTANCE,INACTIVE,COVERED,sec-submissions-and-archives,2026-08-14T00:00:00Z,False,0,,,,,False,,,
AMC15SUP-021,DISCOVERY,CONTINUATION,2025-04-29T13:30:00+00:00,2025-04-29T13:45:00+00:00,OPERATIONAL_SEEN,SOURCE_UNAVAILABLE,COVERAGE_NOT_COMPLETE,sec-submissions-and-archives,2026-08-14T00:00:00Z,,,,,,,,,,
AMC15SUP-022,DISCOVERY,ENTRY_FORMING,2025-05-06T19:45:00+00:00,2025-05-06T20:00:00+00:00,PUBLIC_ACCEPTANCE,INACTIVE,COVERED,sec-submissions-and-archives,2026-08-14T00:00:00Z,False,0,,,,,False,,,
AMC15SUP-022,DISCOVERY,ENTRY_FORMING,2025-05-06T19:45:00+00:00,2025-05-06T20:00:00+00:00,OPERATIONAL_SEEN,SOURCE_UNAVAILABLE,COVERAGE_NOT_COMPLETE,sec-submissions-and-archives,2026-08-14T00:00:00Z,,,,,,,,,,
AMC15X-031,DISCOVERY,ENTRY_FORMING,2025-05-09T18:45:00+00:00,2025-05-09T19:00:00+00:00,PUBLIC_ACCEPTANCE,ACTIVE,COVERED,sec-submissions-and-archives,2026-08-14T00:00:00Z,True,2,MEDIUM,8-K,MATERIAL_FILING,46.53666666666667,False,2025-05-07T20:27:48+00:00,0001411579-25-000053,
AMC15X-031,DISCOVERY,ENTRY_FORMING,2025-05-09T18:45:00+00:00,2025-05-09T19:00:00+00:00,OPERATIONAL_SEEN,SOURCE_UNAVAILABLE,COVERAGE_NOT_COMPLETE,sec-submissions-and-archives,2026-08-14T00:00:00Z,,,,,,,,,,
AMC15X-032,DISCOVERY,RISK_OR_EXHAUSTION,2025-05-16T15:30:00+00:00,2025-05-16T15:45:00+00:00,PUBLIC_ACCEPTANCE,INACTIVE,COVERED,sec-submissions-and-archives,2026-08-14T00:00:00Z,False,0,,,,,False,,,
AMC15X-032,DISCOVERY,RISK_OR_EXHAUSTION,2025-05-16T15:30:00+00:00,2025-05-16T15:45:00+00:00,OPERATIONAL_SEEN,SOURCE_UNAVAILABLE,COVERAGE_NOT_COMPLETE,sec-submissions-and-archives,2026-08-14T00:00:00Z,,,,,,,,,,
AMC15SUP-023,DISCOVERY,CONTINUATION,2025-05-20T15:45:00+00:00,2025-05-20T16:00:00+00:00,PUBLIC_ACCEPTANCE,INACTIVE,COVERED,sec-submissions-and-archives,2026-08-14T00:00:00Z,False,0,,,,,False,,,
AMC15SUP-023,DISCOVERY,CONTINUATION,2025-05-20T15:45:00+00:00,2025-05-20T16:00:00+00:00,OPERATIONAL_SEEN,SOURCE_UNAVAILABLE,COVERAGE_NOT_COMPLETE,sec-submissions-and-archives,2026-08-14T00:00:00Z,,,,,,,,,,
AMC15X-033,DISCOVERY,CONTINUATION,2025-05-21T13:45:00+00:00,2025-05-21T14:00:00+00:00,PUBLIC_ACCEPTANCE,INACTIVE,COVERED,sec-submissions-and-archives,2026-08-14T00:00:00Z,False,0,,,,,False,,,
AMC15X-033,DISCOVERY,CONTINUATION,2025-05-21T13:45:00+00:00,2025-05-21T14:00:00+00:00,OPERATIONAL_SEEN,SOURCE_UNAVAILABLE,COVERAGE_NOT_COMPLETE,sec-submissions-and-archives,2026-08-14T00:00:00Z,,,,,,,,,,
AMC15SUP-024,DISCOVERY,ENTRY_FORMING,2025-05-23T19:30:00+00:00,2025-05-23T19:45:00+00:00,PUBLIC_ACCEPTANCE,INACTIVE,COVERED,sec-submissions-and-archives,2026-08-14T00:00:00Z,False,0,,,,,False,,,
AMC15SUP-024,DISCOVERY,ENTRY_FORMING,2025-05-23T19:30:00+00:00,2025-05-23T19:45:00+00:00,OPERATIONAL_SEEN,SOURCE_UNAVAILABLE,COVERAGE_NOT_COMPLETE,sec-submissions-and-archives,2026-08-14T00:00:00Z,,,,,,,,,,
AMC15X-034,DISCOVERY,ENTRY_FORMING,2025-06-10T17:00:00+00:00,2025-06-10T17:15:00+00:00,PUBLIC_ACCEPTANCE,INACTIVE,COVERED,sec-submissions-and-archives,2026-08-14T00:00:00Z,False,0,,,,,False,,,
AMC15X-034,DISCOVERY,ENTRY_FORMING,2025-06-10T17:00:00+00:00,2025-06-10T17:15:00+00:00,OPERATIONAL_SEEN,SOURCE_UNAVAILABLE,COVERAGE_NOT_COMPLETE,sec-submissions-and-archives,2026-08-14T00:00:00Z,,,,,,,,,,
AMC15X-035,DISCOVERY,THESIS_PRESSURE,2025-06-11T19:45:00+00:00,2025-06-11T20:00:00+00:00,PUBLIC_ACCEPTANCE,INACTIVE,COVERED,sec-submissions-and-archives,2026-08-14T00:00:00Z,False,0,,,,,False,,,
AMC15X-035,DISCOVERY,THESIS_PRESSURE,2025-06-11T19:45:00+00:00,2025-06-11T20:00:00+00:00,OPERATIONAL_SEEN,SOURCE_UNAVAILABLE,COVERAGE_NOT_COMPLETE,sec-submissions-and-archives,2026-08-14T00:00:00Z,,,,,,,,,,
AMC15SUP-025,DISCOVERY,ENTRY_FORMING,2025-06-13T17:15:00+00:00,2025-06-13T17:30:00+00:00,PUBLIC_ACCEPTANCE,INACTIVE,COVERED,sec-submissions-and-archives,2026-08-14T00:00:00Z,False,0,,,,,False,,,
AMC15SUP-025,DISCOVERY,ENTRY_FORMING,2025-06-13T17:15:00+00:00,2025-06-13T17:30:00+00:00,OPERATIONAL_SEEN,SOURCE_UNAVAILABLE,COVERAGE_NOT_COMPLETE,sec-submissions-and-archives,2026-08-14T00:00:00Z,,,,,,,,,,
AMC15SUP-026,DISCOVERY,CONTINUATION,2025-06-25T19:00:00+00:00,2025-06-25T19:15:00+00:00,PUBLIC_ACCEPTANCE,INACTIVE,COVERED,sec-submissions-and-archives,2026-08-14T00:00:00Z,False,0,,,,,False,,,
AMC15SUP-026,DISCOVERY,CONTINUATION,2025-06-25T19:00:00+00:00,2025-06-25T19:15:00+00:00,OPERATIONAL_SEEN,SOURCE_UNAVAILABLE,COVERAGE_NOT_COMPLETE,sec-submissions-and-archives,2026-08-14T00:00:00Z,,,,,,,,,,
AMC15SUP-027,DISCOVERY,ENTRY_FORMING,2025-06-30T19:30:00+00:00,2025-06-30T19:45:00+00:00,PUBLIC_ACCEPTANCE,INACTIVE,COVERED,sec-submissions-and-archives,2026-08-14T00:00:00Z,False,0,,,,,False,,,
AMC15SUP-027,DISCOVERY,ENTRY_FORMING,2025-06-30T19:30:00+00:00,2025-06-30T19:45:00+00:00,OPERATIONAL_SEEN,SOURCE_UNAVAILABLE,COVERAGE_NOT_COMPLETE,sec-submissions-and-archives,2026-08-14T00:00:00Z,,,,,,,,,,
AMC15X-036,DISCOVERY,ENTRY_FORMING,2025-07-02T19:00:00+00:00,2025-07-02T19:15:00+00:00,PUBLIC_ACCEPTANCE,ACTIVE,COVERED,sec-submissions-and-archives,2026-08-14T00:00:00Z,True,2,MEDIUM,8-K,MATERIAL_FILING,8.082777777777778,False,2025-07-02T11:10:02+00:00,0001104659-25-065011,
AMC15X-036,DISCOVERY,ENTRY_FORMING,2025-07-02T19:00:00+00:00,2025-07-02T19:15:00+00:00,OPERATIONAL_SEEN,SOURCE_UNAVAILABLE,COVERAGE_NOT_COMPLETE,sec-submissions-and-archives,2026-08-14T00:00:00Z,,,,,,,,,,
AMC15X-037,DISCOVERY,THESIS_PRESSURE,2025-07-07T16:30:00+00:00,2025-07-07T16:45:00+00:00,PUBLIC_ACCEPTANCE,INACTIVE,COVERED,sec-submissions-and-archives,2026-08-14T00:00:00Z,False,0,,,,,False,,,
AMC15X-037,DISCOVERY,THESIS_PRESSURE,2025-07-07T16:30:00+00:00,2025-07-07T16:45:00+00:00,OPERATIONAL_SEEN,SOURCE_UNAVAILABLE,COVERAGE_NOT_COMPLETE,sec-submissions-and-archives,2026-08-14T00:00:00Z,,,,,,,,,,
AMC15X-038,DISCOVERY,RISK_OR_EXHAUSTION,2025-07-09T16:45:00+00:00,2025-07-09T17:00:00+00:00,PUBLIC_ACCEPTANCE,ACTIVE,COVERED,sec-submissions-and-archives,2026-08-14T00:00:00Z,True,1,MEDIUM,8-K,MATERIAL_FILING,44.02527777777778,False,2025-07-07T20:58:29+00:00,0001104659-25-066156,
AMC15X-038,DISCOVERY,RISK_OR_EXHAUSTION,2025-07-09T16:45:00+00:00,2025-07-09T17:00:00+00:00,OPERATIONAL_SEEN,SOURCE_UNAVAILABLE,COVERAGE_NOT_COMPLETE,sec-submissions-and-archives,2026-08-14T00:00:00Z,,,,,,,,,,
AMC15X-039,DISCOVERY,CONTINUATION,2025-07-10T14:45:00+00:00,2025-07-10T15:00:00+00:00,PUBLIC_ACCEPTANCE,ACTIVE,COVERED,sec-submissions-and-archives,2026-08-14T00:00:00Z,True,1,MEDIUM,8-K,MATERIAL_FILING,66.02527777777777,False,2025-07-07T20:58:29+00:00,0001104659-25-066156,
AMC15X-039,DISCOVERY,CONTINUATION,2025-07-10T14:45:00+00:00,2025-07-10T15:00:00+00:00,OPERATIONAL_SEEN,SOURCE_UNAVAILABLE,COVERAGE_NOT_COMPLETE,sec-submissions-and-archives,2026-08-14T00:00:00Z,,,,,,,,,,
AMC15X-040,DISCOVERY,RISK_OR_EXHAUSTION,2025-07-11T14:00:00+00:00,2025-07-11T14:15:00+00:00,PUBLIC_ACCEPTANCE,INACTIVE,COVERED,sec-submissions-and-archives,2026-08-14T00:00:00Z,False,0,,,,,False,,,
AMC15X-040,DISCOVERY,RISK_OR_EXHAUSTION,2025-07-11T14:00:00+00:00,2025-07-11T14:15:00+00:00,OPERATIONAL_SEEN,SOURCE_UNAVAILABLE,COVERAGE_NOT_COMPLETE,sec-submissions-and-archives,2026-08-14T00:00:00Z,,,,,,,,,,
AMC15SUP-028,DISCOVERY,CONTINUATION,2025-07-11T19:30:00+00:00,2025-07-11T19:45:00+00:00,PUBLIC_ACCEPTANCE,INACTIVE,COVERED,sec-submissions-and-archives,2026-08-14T00:00:00Z,False,0,,,,,False,,,
AMC15SUP-028,DISCOVERY,CONTINUATION,2025-07-11T19:30:00+00:00,2025-07-11T19:45:00+00:00,OPERATIONAL_SEEN,SOURCE_UNAVAILABLE,COVERAGE_NOT_COMPLETE,sec-submissions-and-archives,2026-08-14T00:00:00Z,,,,,,,,,,
AMC15X-041,DISCOVERY,RISK_OR_EXHAUSTION,2025-07-17T14:15:00+00:00,2025-07-17T14:30:00+00:00,PUBLIC_ACCEPTANCE,INACTIVE,COVERED,sec-submissions-and-archives,2026-08-14T00:00:00Z,False,0,,,,,False,,,
AMC15X-041,DISCOVERY,RISK_OR_EXHAUSTION,2025-07-17T14:15:00+00:00,2025-07-17T14:30:00+00:00,OPERATIONAL_SEEN,SOURCE_UNAVAILABLE,COVERAGE_NOT_COMPLETE,sec-submissions-and-archives,2026-08-14T00:00:00Z,,,,,,,,,,
AMC15SUP-029,DISCOVERY,CONTINUATION,2025-07-18T19:00:00+00:00,2025-07-18T19:15:00+00:00,PUBLIC_ACCEPTANCE,INACTIVE,COVERED,sec-submissions-and-archives,2026-08-14T00:00:00Z,False,0,,,,,False,,,
AMC15SUP-029,DISCOVERY,CONTINUATION,2025-07-18T19:00:00+00:00,2025-07-18T19:15:00+00:00,OPERATIONAL_SEEN,SOURCE_UNAVAILABLE,COVERAGE_NOT_COMPLETE,sec-submissions-and-archives,2026-08-14T00:00:00Z,,,,,,,,,,
AMC15SUP-030,DISCOVERY,ENTRY_FORMING,2025-08-05T13:30:00+00:00,2025-08-05T13:45:00+00:00,PUBLIC_ACCEPTANCE,INACTIVE,COVERED,sec-submissions-and-archives,2026-08-14T00:00:00Z,False,0,,,,,False,,,
AMC15SUP-030,DISCOVERY,ENTRY_FORMING,2025-08-05T13:30:00+00:00,2025-08-05T13:45:00+00:00,OPERATIONAL_SEEN,SOURCE_UNAVAILABLE,COVERAGE_NOT_COMPLETE,sec-submissions-and-archives,2026-08-14T00:00:00Z,,,,,,,,,,
AMC15X-042,DISCOVERY,RISK_OR_EXHAUSTION,2025-08-08T14:00:00+00:00,2025-08-08T14:15:00+00:00,PUBLIC_ACCEPTANCE,INACTIVE,COVERED,sec-submissions-and-archives,2026-08-14T00:00:00Z,False,0,,,,,False,,,
AMC15X-042,DISCOVERY,RISK_OR_EXHAUSTION,2025-08-08T14:00:00+00:00,2025-08-08T14:15:00+00:00,OPERATIONAL_SEEN,SOURCE_UNAVAILABLE,COVERAGE_NOT_COMPLETE,sec-submissions-and-archives,2026-08-14T00:00:00Z,,,,,,,,,,
AMC15X-043,DISCOVERY,RISK_OR_EXHAUSTION,2025-08-11T13:45:00+00:00,2025-08-11T14:00:00+00:00,PUBLIC_ACCEPTANCE,ACTIVE,COVERED,sec-submissions-and-archives,2026-08-14T00:00:00Z,True,2,MEDIUM,8-K,MATERIAL_FILING,3.0952777777777776,False,2025-08-11T10:54:17+00:00,0001411579-25-000060,
AMC15X-043,DISCOVERY,RISK_OR_EXHAUSTION,2025-08-11T13:45:00+00:00,2025-08-11T14:00:00+00:00,OPERATIONAL_SEEN,SOURCE_UNAVAILABLE,COVERAGE_NOT_COMPLETE,sec-submissions-and-archives,2026-08-14T00:00:00Z,,,,,,,,,,
AMC15X-044,DISCOVERY,ENTRY_FORMING,2025-08-12T16:00:00+00:00,2025-08-12T16:15:00+00:00,PUBLIC_ACCEPTANCE,ACTIVE,COVERED,sec-submissions-and-archives,2026-08-14T00:00:00Z,True,2,MEDIUM,8-K,MATERIAL_FILING,29.345277777777778,False,2025-08-11T10:54:17+00:00,0001411579-25-000060,
AMC15X-044,DISCOVERY,ENTRY_FORMING,2025-08-12T16:00:00+00:00,2025-08-12T16:15:00+00:00,OPERATIONAL_SEEN,SOURCE_UNAVAILABLE,COVERAGE_NOT_COMPLETE,sec-submissions-and-archives,2026-08-14T00:00:00Z,,,,,,,,,,
AMC15X-045,DISCOVERY,CONTINUATION,2025-08-13T16:30:00+00:00,2025-08-13T16:45:00+00:00,PUBLIC_ACCEPTANCE,ACTIVE,COVERED,sec-submissions-and-archives,2026-08-14T00:00:00Z,True,2,MEDIUM,8-K,MATERIAL_FILING,53.84527777777778,False,2025-08-11T10:54:17+00:00,0001411579-25-000060,
AMC15X-045,DISCOVERY,CONTINUATION,2025-08-13T16:30:00+00:00,2025-08-13T16:45:00+00:00,OPERATIONAL_SEEN,SOURCE_UNAVAILABLE,COVERAGE_NOT_COMPLETE,sec-submissions-and-archives,2026-08-14T00:00:00Z,,,,,,,,,,
AMC15X-046,DISCOVERY,THESIS_PRESSURE,2025-08-15T18:45:00+00:00,2025-08-15T19:00:00+00:00,PUBLIC_ACCEPTANCE,INACTIVE,COVERED,sec-submissions-and-archives,2026-08-14T00:00:00Z,False,0,,,,,False,,,
AMC15X-046,DISCOVERY,THESIS_PRESSURE,2025-08-15T18:45:00+00:00,2025-08-15T19:00:00+00:00,OPERATIONAL_SEEN,SOURCE_UNAVAILABLE,COVERAGE_NOT_COMPLETE,sec-submissions-and-archives,2026-08-14T00:00:00Z,,,,,,,,,,
AMC15SUP-031,DISCOVERY,ENTRY_FORMING,2025-08-22T13:30:00+00:00,2025-08-22T13:45:00+00:00,PUBLIC_ACCEPTANCE,INACTIVE,COVERED,sec-submissions-and-archives,2026-08-14T00:00:00Z,False,0,,,,,False,,,
AMC15SUP-031,DISCOVERY,ENTRY_FORMING,2025-08-22T13:30:00+00:00,2025-08-22T13:45:00+00:00,OPERATIONAL_SEEN,SOURCE_UNAVAILABLE,COVERAGE_NOT_COMPLETE,sec-submissions-and-archives,2026-08-14T00:00:00Z,,,,,,,,,,
AMC15SUP-032,DISCOVERY,CONTINUATION,2025-09-10T13:30:00+00:00,2025-09-10T13:45:00+00:00,PUBLIC_ACCEPTANCE,INACTIVE,COVERED,sec-submissions-and-archives,2026-08-14T00:00:00Z,False,0,,,,,False,,,
AMC15SUP-032,DISCOVERY,CONTINUATION,2025-09-10T13:30:00+00:00,2025-09-10T13:45:00+00:00,OPERATIONAL_SEEN,SOURCE_UNAVAILABLE,COVERAGE_NOT_COMPLETE,sec-submissions-and-archives,2026-08-14T00:00:00Z,,,,,,,,,,
AMC15X-047,DISCOVERY,CONTINUATION,2025-09-11T18:45:00+00:00,2025-09-11T19:00:00+00:00,PUBLIC_ACCEPTANCE,INACTIVE,COVERED,sec-submissions-and-archives,2026-08-14T00:00:00Z,False,0,,,,,False,,,
AMC15X-047,DISCOVERY,CONTINUATION,2025-09-11T18:45:00+00:00,2025-09-11T19:00:00+00:00,OPERATIONAL_SEEN,SOURCE_UNAVAILABLE,COVERAGE_NOT_COMPLETE,sec-submissions-and-archives,2026-08-14T00:00:00Z,,,,,,,,,,
AMC15SUP-033,DISCOVERY,CONTINUATION,2025-09-15T19:15:00+00:00,2025-09-15T19:30:00+00:00,PUBLIC_ACCEPTANCE,INACTIVE,COVERED,sec-submissions-and-archives,2026-08-14T00:00:00Z,False,0,,,,,False,,,
AMC15SUP-033,DISCOVERY,CONTINUATION,2025-09-15T19:15:00+00:00,2025-09-15T19:30:00+00:00,OPERATIONAL_SEEN,SOURCE_UNAVAILABLE,COVERAGE_NOT_COMPLETE,sec-submissions-and-archives,2026-08-14T00:00:00Z,,,,,,,,,,
AMC15SUP-034,DISCOVERY,ENTRY_FORMING,2025-09-22T19:45:00+00:00,2025-09-22T20:00:00+00:00,PUBLIC_ACCEPTANCE,INACTIVE,COVERED,sec-submissions-and-archives,2026-08-14T00:00:00Z,False,0,,,,,False,,,
AMC15SUP-034,DISCOVERY,ENTRY_FORMING,2025-09-22T19:45:00+00:00,2025-09-22T20:00:00+00:00,OPERATIONAL_SEEN,SOURCE_UNAVAILABLE,COVERAGE_NOT_COMPLETE,sec-submissions-and-archives,2026-08-14T00:00:00Z,,,,,,,,,,
AMC15X-048,DISCOVERY,THESIS_PRESSURE,2025-09-23T18:30:00+00:00,2025-09-23T18:45:00+00:00,PUBLIC_ACCEPTANCE,INACTIVE,COVERED,sec-submissions-and-archives,2026-08-14T00:00:00Z,False,0,,,,,False,,,
AMC15X-048,DISCOVERY,THESIS_PRESSURE,2025-09-23T18:30:00+00:00,2025-09-23T18:45:00+00:00,OPERATIONAL_SEEN,SOURCE_UNAVAILABLE,COVERAGE_NOT_COMPLETE,sec-submissions-and-archives,2026-08-14T00:00:00Z,,,,,,,,,,
AMC15X-049,DISCOVERY,RISK_OR_EXHAUSTION,2025-09-29T14:15:00+00:00,2025-09-29T14:30:00+00:00,PUBLIC_ACCEPTANCE,INACTIVE,COVERED,sec-submissions-and-archives,2026-08-14T00:00:00Z,False,0,,,,,False,,,
AMC15X-049,DISCOVERY,RISK_OR_EXHAUSTION,2025-09-29T14:15:00+00:00,2025-09-29T14:30:00+00:00,OPERATIONAL_SEEN,SOURCE_UNAVAILABLE,COVERAGE_NOT_COMPLETE,sec-submissions-and-archives,2026-08-14T00:00:00Z,,,,,,,,,,
AMC15X-050,DISCOVERY,ENTRY_FORMING,2025-09-29T19:30:00+00:00,2025-09-29T19:45:00+00:00,PUBLIC_ACCEPTANCE,INACTIVE,COVERED,sec-submissions-and-archives,2026-08-14T00:00:00Z,False,0,,,,,False,,,
AMC15X-050,DISCOVERY,ENTRY_FORMING,2025-09-29T19:30:00+00:00,2025-09-29T19:45:00+00:00,OPERATIONAL_SEEN,SOURCE_UNAVAILABLE,COVERAGE_NOT_COMPLETE,sec-submissions-and-archives,2026-08-14T00:00:00Z,,,,,,,,,,
AMC15X-051,DISCOVERY,CONTINUATION,2025-10-02T17:15:00+00:00,2025-10-02T17:30:00+00:00,PUBLIC_ACCEPTANCE,ACTIVE,COVERED,sec-submissions-and-archives,2026-08-14T00:00:00Z,True,1,MEDIUM,8-K,MATERIAL_FILING,30.573611111111113,False,2025-10-01T10:55:35+00:00,0001104659-25-095290,
AMC15X-051,DISCOVERY,CONTINUATION,2025-10-02T17:15:00+00:00,2025-10-02T17:30:00+00:00,OPERATIONAL_SEEN,SOURCE_UNAVAILABLE,COVERAGE_NOT_COMPLETE,sec-submissions-and-archives,2026-08-14T00:00:00Z,,,,,,,,,,
AMC15SUP-035,DISCOVERY,CONTINUATION,2025-10-24T18:15:00+00:00,2025-10-24T18:30:00+00:00,PUBLIC_ACCEPTANCE,INACTIVE,COVERED,sec-submissions-and-archives,2026-08-14T00:00:00Z,False,0,,,,,False,,,
AMC15SUP-035,DISCOVERY,CONTINUATION,2025-10-24T18:15:00+00:00,2025-10-24T18:30:00+00:00,OPERATIONAL_SEEN,SOURCE_UNAVAILABLE,COVERAGE_NOT_COMPLETE,sec-submissions-and-archives,2026-08-14T00:00:00Z,,,,,,,,,,
AMC15SUP-036,DISCOVERY,ENTRY_FORMING,2025-10-27T18:30:00+00:00,2025-10-27T18:45:00+00:00,PUBLIC_ACCEPTANCE,INACTIVE,COVERED,sec-submissions-and-archives,2026-08-14T00:00:00Z,False,0,,,,,False,,,
AMC15SUP-036,DISCOVERY,ENTRY_FORMING,2025-10-27T18:30:00+00:00,2025-10-27T18:45:00+00:00,OPERATIONAL_SEEN,SOURCE_UNAVAILABLE,COVERAGE_NOT_COMPLETE,sec-submissions-and-archives,2026-08-14T00:00:00Z,,,,,,,,,,
AMC15X-052,DISCOVERY,THESIS_PRESSURE,2025-10-28T14:15:00+00:00,2025-10-28T14:30:00+00:00,PUBLIC_ACCEPTANCE,INACTIVE,COVERED,sec-submissions-and-archives,2026-08-14T00:00:00Z,False,0,,,,,False,,,
AMC15X-052,DISCOVERY,THESIS_PRESSURE,2025-10-28T14:15:00+00:00,2025-10-28T14:30:00+00:00,OPERATIONAL_SEEN,SOURCE_UNAVAILABLE,COVERAGE_NOT_COMPLETE,sec-submissions-and-archives,2026-08-14T00:00:00Z,,,,,,,,,,
AMC15X-053,DISCOVERY,ENTRY_FORMING,2025-10-31T19:15:00+00:00,2025-10-31T19:30:00+00:00,PUBLIC_ACCEPTANCE,INACTIVE,COVERED,sec-submissions-and-archives,2026-08-14T00:00:00Z,False,0,,,,,False,,,
AMC15X-053,DISCOVERY,ENTRY_FORMING,2025-10-31T19:15:00+00:00,2025-10-31T19:30:00+00:00,OPERATIONAL_SEEN,SOURCE_UNAVAILABLE,COVERAGE_NOT_COMPLETE,sec-submissions-and-archives,2026-08-14T00:00:00Z,,,,,,,,,,
AMC15SUP-037,DISCOVERY,ENTRY_FORMING,2025-11-12T20:45:00+00:00,2025-11-12T21:00:00+00:00,PUBLIC_ACCEPTANCE,INACTIVE,COVERED,sec-submissions-and-archives,2026-08-14T00:00:00Z,False,0,,,,,False,,,
AMC15SUP-037,DISCOVERY,ENTRY_FORMING,2025-11-12T20:45:00+00:00,2025-11-12T21:00:00+00:00,OPERATIONAL_SEEN,SOURCE_UNAVAILABLE,COVERAGE_NOT_COMPLETE,sec-submissions-and-archives,2026-08-14T00:00:00Z,,,,,,,,,,
AMC15X-054,DISCOVERY,RISK_OR_EXHAUSTION,2025-11-25T15:00:00+00:00,2025-11-25T15:15:00+00:00,PUBLIC_ACCEPTANCE,INACTIVE,COVERED,sec-submissions-and-archives,2026-08-14T00:00:00Z,False,0,,,,,False,,,
AMC15X-054,DISCOVERY,RISK_OR_EXHAUSTION,2025-11-25T15:00:00+00:00,2025-11-25T15:15:00+00:00,OPERATIONAL_SEEN,SOURCE_UNAVAILABLE,COVERAGE_NOT_COMPLETE,sec-submissions-and-archives,2026-08-14T00:00:00Z,,,,,,,,,,
AMC15X-055,DISCOVERY,THESIS_PRESSURE,2025-12-04T16:45:00+00:00,2025-12-04T17:00:00+00:00,PUBLIC_ACCEPTANCE,INACTIVE,COVERED,sec-submissions-and-archives,2026-08-14T00:00:00Z,False,0,,,,,False,,,
AMC15X-055,DISCOVERY,THESIS_PRESSURE,2025-12-04T16:45:00+00:00,2025-12-04T17:00:00+00:00,OPERATIONAL_SEEN,SOURCE_UNAVAILABLE,COVERAGE_NOT_COMPLETE,sec-submissions-and-archives,2026-08-14T00:00:00Z,,,,,,,,,,
AMC15X-056,DISCOVERY,ENTRY_FORMING,2025-12-08T14:30:00+00:00,2025-12-08T14:45:00+00:00,PUBLIC_ACCEPTANCE,ACTIVE,COVERED,sec-submissions-and-archives,2026-08-14T00:00:00Z,True,1,INFO,4,INSIDER_FILING,64.47583333333333,False,2025-12-05T22:16:27+00:00,0001104659-25-118938,
AMC15X-056,DISCOVERY,ENTRY_FORMING,2025-12-08T14:30:00+00:00,2025-12-08T14:45:00+00:00,OPERATIONAL_SEEN,SOURCE_UNAVAILABLE,COVERAGE_NOT_COMPLETE,sec-submissions-and-archives,2026-08-14T00:00:00Z,,,,,,,,,,
AMC15SUP-038,DISCOVERY,ENTRY_FORMING,2025-12-10T17:00:00+00:00,2025-12-10T17:15:00+00:00,PUBLIC_ACCEPTANCE,INACTIVE,COVERED,sec-submissions-and-archives,2026-08-14T00:00:00Z,False,0,,,,,False,,,
AMC15SUP-038,DISCOVERY,ENTRY_FORMING,2025-12-10T17:00:00+00:00,2025-12-10T17:15:00+00:00,OPERATIONAL_SEEN,SOURCE_UNAVAILABLE,COVERAGE_NOT_COMPLETE,sec-submissions-and-archives,2026-08-14T00:00:00Z,,,,,,,,,,
AMC15SUP-039,DISCOVERY,CONTINUATION,2026-01-07T14:30:00+00:00,2026-01-07T14:45:00+00:00,PUBLIC_ACCEPTANCE,INACTIVE,COVERED,sec-submissions-and-archives,2026-08-14T00:00:00Z,False,0,,,,,False,,,
AMC15SUP-039,DISCOVERY,CONTINUATION,2026-01-07T14:30:00+00:00,2026-01-07T14:45:00+00:00,OPERATIONAL_SEEN,SOURCE_UNAVAILABLE,COVERAGE_NOT_COMPLETE,sec-submissions-and-archives,2026-08-14T00:00:00Z,,,,,,,,,,
AMC15X-057,DISCOVERY,RISK_OR_EXHAUSTION,2026-01-09T17:45:00+00:00,2026-01-09T18:00:00+00:00,PUBLIC_ACCEPTANCE,INACTIVE,COVERED,sec-submissions-and-archives,2026-08-14T00:00:00Z,False,0,,,,,False,,,
AMC15X-057,DISCOVERY,RISK_OR_EXHAUSTION,2026-01-09T17:45:00+00:00,2026-01-09T18:00:00+00:00,OPERATIONAL_SEEN,SOURCE_UNAVAILABLE,COVERAGE_NOT_COMPLETE,sec-submissions-and-archives,2026-08-14T00:00:00Z,,,,,,,,,,
AMC15SUP-040,DISCOVERY,ENTRY_FORMING,2026-01-16T16:15:00+00:00,2026-01-16T16:30:00+00:00,PUBLIC_ACCEPTANCE,INACTIVE,COVERED,sec-submissions-and-archives,2026-08-14T00:00:00Z,False,0,,,,,False,,,
AMC15SUP-040,DISCOVERY,ENTRY_FORMING,2026-01-16T16:15:00+00:00,2026-01-16T16:30:00+00:00,OPERATIONAL_SEEN,SOURCE_UNAVAILABLE,COVERAGE_NOT_COMPLETE,sec-submissions-and-archives,2026-08-14T00:00:00Z,,,,,,,,,,
AMC15X-058,DISCOVERY,ENTRY_FORMING,2026-01-22T14:30:00+00:00,2026-01-22T14:45:00+00:00,PUBLIC_ACCEPTANCE,INACTIVE,COVERED,sec-submissions-and-archives,2026-08-14T00:00:00Z,False,0,,,,,False,,,
AMC15X-058,DISCOVERY,ENTRY_FORMING,2026-01-22T14:30:00+00:00,2026-01-22T14:45:00+00:00,OPERATIONAL_SEEN,SOURCE_UNAVAILABLE,COVERAGE_NOT_COMPLETE,sec-submissions-and-archives,2026-08-14T00:00:00Z,,,,,,,,,,
AMC15X-059,DISCOVERY,CONTINUATION,2026-01-22T16:45:00+00:00,2026-01-22T17:00:00+00:00,PUBLIC_ACCEPTANCE,INACTIVE,COVERED,sec-submissions-and-archives,2026-08-14T00:00:00Z,False,0,,,,,False,,,
AMC15X-059,DISCOVERY,CONTINUATION,2026-01-22T16:45:00+00:00,2026-01-22T17:00:00+00:00,OPERATIONAL_SEEN,SOURCE_UNAVAILABLE,COVERAGE_NOT_COMPLETE,sec-submissions-and-archives,2026-08-14T00:00:00Z,,,,,,,,,,
AMC15X-060,DISCOVERY,THESIS_PRESSURE,2026-01-23T17:30:00+00:00,2026-01-23T17:45:00+00:00,PUBLIC_ACCEPTANCE,INACTIVE,COVERED,sec-submissions-and-archives,2026-08-14T00:00:00Z,False,0,,,,,False,,,
AMC15X-060,DISCOVERY,THESIS_PRESSURE,2026-01-23T17:30:00+00:00,2026-01-23T17:45:00+00:00,OPERATIONAL_SEEN,SOURCE_UNAVAILABLE,COVERAGE_NOT_COMPLETE,sec-submissions-and-archives,2026-08-14T00:00:00Z,,,,,,,,,,
AMC15X-061,HOLDOUT,ENTRY_FORMING,2026-02-06T14:45:00+00:00,2026-02-06T15:00:00+00:00,PUBLIC_ACCEPTANCE,INACTIVE,COVERED,sec-submissions-and-archives,2026-08-14T00:00:00Z,False,0,,,,,False,,,
AMC15X-061,HOLDOUT,ENTRY_FORMING,2026-02-06T14:45:00+00:00,2026-02-06T15:00:00+00:00,OPERATIONAL_SEEN,SOURCE_UNAVAILABLE,COVERAGE_NOT_COMPLETE,sec-submissions-and-archives,2026-08-14T00:00:00Z,,,,,,,,,,
AMC15X-062,HOLDOUT,CONTINUATION,2026-02-06T17:15:00+00:00,2026-02-06T17:30:00+00:00,PUBLIC_ACCEPTANCE,INACTIVE,COVERED,sec-submissions-and-archives,2026-08-14T00:00:00Z,False,0,,,,,False,,,
AMC15X-062,HOLDOUT,CONTINUATION,2026-02-06T17:15:00+00:00,2026-02-06T17:30:00+00:00,OPERATIONAL_SEEN,SOURCE_UNAVAILABLE,COVERAGE_NOT_COMPLETE,sec-submissions-and-archives,2026-08-14T00:00:00Z,,,,,,,,,,
AMC15X-063,HOLDOUT,THESIS_PRESSURE,2026-02-09T15:15:00+00:00,2026-02-09T15:30:00+00:00,PUBLIC_ACCEPTANCE,ACTIVE,COVERED,sec-submissions-and-archives,2026-08-14T00:00:00Z,True,3,HIGH,424B5,DILUTION_WATCH,2.3541666666666665,False,2026-02-09T13:08:45+00:00,0001104659-26-011770,
AMC15X-063,HOLDOUT,THESIS_PRESSURE,2026-02-09T15:15:00+00:00,2026-02-09T15:30:00+00:00,OPERATIONAL_SEEN,SOURCE_UNAVAILABLE,COVERAGE_NOT_COMPLETE,sec-submissions-and-archives,2026-08-14T00:00:00Z,,,,,,,,,,
AMC15SUP-041,HOLDOUT,ENTRY_FORMING,2026-02-10T16:30:00+00:00,2026-02-10T16:45:00+00:00,PUBLIC_ACCEPTANCE,ACTIVE,COVERED,sec-submissions-and-archives,2026-08-14T00:00:00Z,True,3,HIGH,424B5,DILUTION_WATCH,27.604166666666668,False,2026-02-09T13:08:45+00:00,0001104659-26-011770,
AMC15SUP-041,HOLDOUT,ENTRY_FORMING,2026-02-10T16:30:00+00:00,2026-02-10T16:45:00+00:00,OPERATIONAL_SEEN,SOURCE_UNAVAILABLE,COVERAGE_NOT_COMPLETE,sec-submissions-and-archives,2026-08-14T00:00:00Z,,,,,,,,,,
AMC15SUP-042,HOLDOUT,ENTRY_FORMING,2026-02-18T15:00:00+00:00,2026-02-18T15:15:00+00:00,PUBLIC_ACCEPTANCE,INACTIVE,COVERED,sec-submissions-and-archives,2026-08-14T00:00:00Z,False,0,,,,,False,,,
AMC15SUP-042,HOLDOUT,ENTRY_FORMING,2026-02-18T15:00:00+00:00,2026-02-18T15:15:00+00:00,OPERATIONAL_SEEN,SOURCE_UNAVAILABLE,COVERAGE_NOT_COMPLETE,sec-submissions-and-archives,2026-08-14T00:00:00Z,,,,,,,,,,
AMC15SUP-043,HOLDOUT,CONTINUATION,2026-02-19T14:45:00+00:00,2026-02-19T15:00:00+00:00,PUBLIC_ACCEPTANCE,INACTIVE,COVERED,sec-submissions-and-archives,2026-08-14T00:00:00Z,False,0,,,,,False,,,
AMC15SUP-043,HOLDOUT,CONTINUATION,2026-02-19T14:45:00+00:00,2026-02-19T15:00:00+00:00,OPERATIONAL_SEEN,SOURCE_UNAVAILABLE,COVERAGE_NOT_COMPLETE,sec-submissions-and-archives,2026-08-14T00:00:00Z,,,,,,,,,,
AMC15X-064,HOLDOUT,THESIS_PRESSURE,2026-02-20T16:00:00+00:00,2026-02-20T16:15:00+00:00,PUBLIC_ACCEPTANCE,INACTIVE,COVERED,sec-submissions-and-archives,2026-08-14T00:00:00Z,False,0,,,,,False,,,
AMC15X-064,HOLDOUT,THESIS_PRESSURE,2026-02-20T16:00:00+00:00,2026-02-20T16:15:00+00:00,OPERATIONAL_SEEN,SOURCE_UNAVAILABLE,COVERAGE_NOT_COMPLETE,sec-submissions-and-archives,2026-08-14T00:00:00Z,,,,,,,,,,
AMC15X-065,HOLDOUT,ENTRY_FORMING,2026-03-05T14:30:00+00:00,2026-03-05T14:45:00+00:00,PUBLIC_ACCEPTANCE,ACTIVE,COVERED,sec-submissions-and-archives,2026-08-14T00:00:00Z,True,9,INFO,4,INSIDER_FILING,63.08694444444444,False,2026-03-02T23:39:47+00:00,0001411579-26-000044,
AMC15X-065,HOLDOUT,ENTRY_FORMING,2026-03-05T14:30:00+00:00,2026-03-05T14:45:00+00:00,OPERATIONAL_SEEN,SOURCE_UNAVAILABLE,COVERAGE_NOT_COMPLETE,sec-submissions-and-archives,2026-08-14T00:00:00Z,,,,,,,,,,
AMC15SUP-044,HOLDOUT,ENTRY_FORMING,2026-03-13T18:30:00+00:00,2026-03-13T18:45:00+00:00,PUBLIC_ACCEPTANCE,INACTIVE,COVERED,sec-submissions-and-archives,2026-08-14T00:00:00Z,False,0,,,,,False,,,
AMC15SUP-044,HOLDOUT,ENTRY_FORMING,2026-03-13T18:30:00+00:00,2026-03-13T18:45:00+00:00,OPERATIONAL_SEEN,SOURCE_UNAVAILABLE,COVERAGE_NOT_COMPLETE,sec-submissions-and-archives,2026-08-14T00:00:00Z,,,,,,,,,,
AMC15SUP-045,HOLDOUT,ENTRY_FORMING,2026-03-19T19:00:00+00:00,2026-03-19T19:15:00+00:00,PUBLIC_ACCEPTANCE,ACTIVE,COVERED,sec-submissions-and-archives,2026-08-14T00:00:00Z,True,1,MEDIUM,8-K,MATERIAL_FILING,70.08472222222223,False,2026-03-16T21:09:55+00:00,0001104659-26-028577,
AMC15SUP-045,HOLDOUT,ENTRY_FORMING,2026-03-19T19:00:00+00:00,2026-03-19T19:15:00+00:00,OPERATIONAL_SEEN,SOURCE_UNAVAILABLE,COVERAGE_NOT_COMPLETE,sec-submissions-and-archives,2026-08-14T00:00:00Z,,,,,,,,,,
AMC15X-066,HOLDOUT,RISK_OR_EXHAUSTION,2026-03-30T16:30:00+00:00,2026-03-30T16:45:00+00:00,PUBLIC_ACCEPTANCE,INACTIVE,COVERED,sec-submissions-and-archives,2026-08-14T00:00:00Z,False,0,,,,,False,,,
AMC15X-066,HOLDOUT,RISK_OR_EXHAUSTION,2026-03-30T16:30:00+00:00,2026-03-30T16:45:00+00:00,OPERATIONAL_SEEN,SOURCE_UNAVAILABLE,COVERAGE_NOT_COMPLETE,sec-submissions-and-archives,2026-08-14T00:00:00Z,,,,,,,,,,
AMC15X-067,HOLDOUT,ENTRY_FORMING,2026-03-31T16:45:00+00:00,2026-03-31T17:00:00+00:00,PUBLIC_ACCEPTANCE,INACTIVE,COVERED,sec-submissions-and-archives,2026-08-14T00:00:00Z,False,0,,,,,False,,,
AMC15X-067,HOLDOUT,ENTRY_FORMING,2026-03-31T16:45:00+00:00,2026-03-31T17:00:00+00:00,OPERATIONAL_SEEN,SOURCE_UNAVAILABLE,COVERAGE_NOT_COMPLETE,sec-submissions-and-archives,2026-08-14T00:00:00Z,,,,,,,,,,
AMC15SUP-046,HOLDOUT,CONTINUATION,2026-04-02T15:00:00+00:00,2026-04-02T15:15:00+00:00,PUBLIC_ACCEPTANCE,ACTIVE,COVERED,sec-submissions-and-archives,2026-08-14T00:00:00Z,True,1,MEDIUM,8-K,MATERIAL_FILING,18.321666666666665,False,2026-04-01T20:55:42+00:00,0001104659-26-038594,
AMC15SUP-046,HOLDOUT,CONTINUATION,2026-04-02T15:00:00+00:00,2026-04-02T15:15:00+00:00,OPERATIONAL_SEEN,SOURCE_UNAVAILABLE,COVERAGE_NOT_COMPLETE,sec-submissions-and-archives,2026-08-14T00:00:00Z,,,,,,,,,,
AMC15SUP-047,HOLDOUT,ENTRY_FORMING,2026-04-07T13:30:00+00:00,2026-04-07T13:45:00+00:00,PUBLIC_ACCEPTANCE,INACTIVE,COVERED,sec-submissions-and-archives,2026-08-14T00:00:00Z,False,0,,,,,False,,,
AMC15SUP-047,HOLDOUT,ENTRY_FORMING,2026-04-07T13:30:00+00:00,2026-04-07T13:45:00+00:00,OPERATIONAL_SEEN,SOURCE_UNAVAILABLE,COVERAGE_NOT_COMPLETE,sec-submissions-and-archives,2026-08-14T00:00:00Z,,,,,,,,,,
AMC15X-068,HOLDOUT,RISK_OR_EXHAUSTION,2026-04-08T13:45:00+00:00,2026-04-08T14:00:00+00:00,PUBLIC_ACCEPTANCE,INACTIVE,COVERED,sec-submissions-and-archives,2026-08-14T00:00:00Z,False,0,,,,,False,,,
AMC15X-068,HOLDOUT,RISK_OR_EXHAUSTION,2026-04-08T13:45:00+00:00,2026-04-08T14:00:00+00:00,OPERATIONAL_SEEN,SOURCE_UNAVAILABLE,COVERAGE_NOT_COMPLETE,sec-submissions-and-archives,2026-08-14T00:00:00Z,,,,,,,,,,
AMC15SUP-048,HOLDOUT,ENTRY_FORMING,2026-04-08T19:30:00+00:00,2026-04-08T19:45:00+00:00,PUBLIC_ACCEPTANCE,INACTIVE,COVERED,sec-submissions-and-archives,2026-08-14T00:00:00Z,False,0,,,,,False,,,
AMC15SUP-048,HOLDOUT,ENTRY_FORMING,2026-04-08T19:30:00+00:00,2026-04-08T19:45:00+00:00,OPERATIONAL_SEEN,SOURCE_UNAVAILABLE,COVERAGE_NOT_COMPLETE,sec-submissions-and-archives,2026-08-14T00:00:00Z,,,,,,,,,,
AMC15X-069,HOLDOUT,ENTRY_FORMING,2026-04-14T19:45:00+00:00,2026-04-14T20:00:00+00:00,PUBLIC_ACCEPTANCE,INACTIVE,COVERED,sec-submissions-and-archives,2026-08-14T00:00:00Z,False,0,,,,,False,,,
AMC15X-069,HOLDOUT,ENTRY_FORMING,2026-04-14T19:45:00+00:00,2026-04-14T20:00:00+00:00,OPERATIONAL_SEEN,SOURCE_UNAVAILABLE,COVERAGE_NOT_COMPLETE,sec-submissions-and-archives,2026-08-14T00:00:00Z,,,,,,,,,,
AMC15X-070,HOLDOUT,CONTINUATION,2026-04-15T15:30:00+00:00,2026-04-15T15:45:00+00:00,PUBLIC_ACCEPTANCE,INACTIVE,COVERED,sec-submissions-and-archives,2026-08-14T00:00:00Z,False,0,,,,,False,,,
AMC15X-070,HOLDOUT,CONTINUATION,2026-04-15T15:30:00+00:00,2026-04-15T15:45:00+00:00,OPERATIONAL_SEEN,SOURCE_UNAVAILABLE,COVERAGE_NOT_COMPLETE,sec-submissions-and-archives,2026-08-14T00:00:00Z,,,,,,,,,,
AMC15SUP-049,HOLDOUT,CONTINUATION,2026-04-15T19:15:00+00:00,2026-04-15T19:30:00+00:00,PUBLIC_ACCEPTANCE,INACTIVE,COVERED,sec-submissions-and-archives,2026-08-14T00:00:00Z,False,0,,,,,False,,,
AMC15SUP-049,HOLDOUT,CONTINUATION,2026-04-15T19:15:00+00:00,2026-04-15T19:30:00+00:00,OPERATIONAL_SEEN,SOURCE_UNAVAILABLE,COVERAGE_NOT_COMPLETE,sec-submissions-and-archives,2026-08-14T00:00:00Z,,,,,,,,,,
AMC15SUP-050,HOLDOUT,ENTRY_FORMING,2026-04-20T19:30:00+00:00,2026-04-20T19:45:00+00:00,PUBLIC_ACCEPTANCE,ACTIVE,COVERED,sec-submissions-and-archives,2026-08-14T00:00:00Z,True,1,MEDIUM,8-K,MATERIAL_FILING,71.13666666666667,False,2026-04-17T20:36:48+00:00,0001104659-26-044930,
AMC15SUP-050,HOLDOUT,ENTRY_FORMING,2026-04-20T19:30:00+00:00,2026-04-20T19:45:00+00:00,OPERATIONAL_SEEN,SOURCE_UNAVAILABLE,COVERAGE_NOT_COMPLETE,sec-submissions-and-archives,2026-08-14T00:00:00Z,,,,,,,,,,
AMC15X-071,HOLDOUT,THESIS_PRESSURE,2026-04-21T15:15:00+00:00,2026-04-21T15:30:00+00:00,PUBLIC_ACCEPTANCE,INACTIVE,COVERED,sec-submissions-and-archives,2026-08-14T00:00:00Z,False,0,,,,,False,,,
AMC15X-071,HOLDOUT,THESIS_PRESSURE,2026-04-21T15:15:00+00:00,2026-04-21T15:30:00+00:00,OPERATIONAL_SEEN,SOURCE_UNAVAILABLE,COVERAGE_NOT_COMPLETE,sec-submissions-and-archives,2026-08-14T00:00:00Z,,,,,,,,,,
AMC15SUP-051,HOLDOUT,CONTINUATION,2026-04-21T19:15:00+00:00,2026-04-21T19:30:00+00:00,PUBLIC_ACCEPTANCE,INACTIVE,COVERED,sec-submissions-and-archives,2026-08-14T00:00:00Z,False,0,,,,,False,,,
AMC15SUP-051,HOLDOUT,CONTINUATION,2026-04-21T19:15:00+00:00,2026-04-21T19:30:00+00:00,OPERATIONAL_SEEN,SOURCE_UNAVAILABLE,COVERAGE_NOT_COMPLETE,sec-submissions-and-archives,2026-08-14T00:00:00Z,,,,,,,,,,
AMC15SUP-052,HOLDOUT,ENTRY_FORMING,2026-04-27T19:45:00+00:00,2026-04-27T20:00:00+00:00,PUBLIC_ACCEPTANCE,INACTIVE,COVERED,sec-submissions-and-archives,2026-08-14T00:00:00Z,False,0,,,,,False,,,
AMC15SUP-052,HOLDOUT,ENTRY_FORMING,2026-04-27T19:45:00+00:00,2026-04-27T20:00:00+00:00,OPERATIONAL_SEEN,SOURCE_UNAVAILABLE,COVERAGE_NOT_COMPLETE,sec-submissions-and-archives,2026-08-14T00:00:00Z,,,,,,,,,,
AMC15X-072,HOLDOUT,THESIS_PRESSURE,2026-04-29T15:45:00+00:00,2026-04-29T16:00:00+00:00,PUBLIC_ACCEPTANCE,INACTIVE,COVERED,sec-submissions-and-archives,2026-08-14T00:00:00Z,False,0,,,,,False,,,
AMC15X-072,HOLDOUT,THESIS_PRESSURE,2026-04-29T15:45:00+00:00,2026-04-29T16:00:00+00:00,OPERATIONAL_SEEN,SOURCE_UNAVAILABLE,COVERAGE_NOT_COMPLETE,sec-submissions-and-archives,2026-08-14T00:00:00Z,,,,,,,,,,
AMC15X-073,HOLDOUT,CONTINUATION,2026-04-29T17:45:00+00:00,2026-04-29T18:00:00+00:00,PUBLIC_ACCEPTANCE,INACTIVE,COVERED,sec-submissions-and-archives,2026-08-14T00:00:00Z,False,0,,,,,False,,,
AMC15X-073,HOLDOUT,CONTINUATION,2026-04-29T17:45:00+00:00,2026-04-29T18:00:00+00:00,OPERATIONAL_SEEN,SOURCE_UNAVAILABLE,COVERAGE_NOT_COMPLETE,sec-submissions-and-archives,2026-08-14T00:00:00Z,,,,,,,,,,
AMC15X-074,HOLDOUT,RISK_OR_EXHAUSTION,2026-05-05T18:45:00+00:00,2026-05-05T19:00:00+00:00,PUBLIC_ACCEPTANCE,ACTIVE,COVERED,sec-submissions-and-archives,2026-08-14T00:00:00Z,True,1,MEDIUM,8-K,MATERIAL_FILING,8.839166666666667,False,2026-05-05T10:09:39+00:00,0001104659-26-055167,
AMC15X-074,HOLDOUT,RISK_OR_EXHAUSTION,2026-05-05T18:45:00+00:00,2026-05-05T19:00:00+00:00,OPERATIONAL_SEEN,SOURCE_UNAVAILABLE,COVERAGE_NOT_COMPLETE,sec-submissions-and-archives,2026-08-14T00:00:00Z,,,,,,,,,,
AMC15SUP-053,HOLDOUT,ENTRY_FORMING,2026-05-06T19:15:00+00:00,2026-05-06T19:30:00+00:00,PUBLIC_ACCEPTANCE,ACTIVE,COVERED,sec-submissions-and-archives,2026-08-14T00:00:00Z,True,3,MEDIUM,8-K,MATERIAL_FILING,23.17861111111111,False,2026-05-05T20:19:17+00:00,0001411579-26-000049,
AMC15SUP-053,HOLDOUT,ENTRY_FORMING,2026-05-06T19:15:00+00:00,2026-05-06T19:30:00+00:00,OPERATIONAL_SEEN,SOURCE_UNAVAILABLE,COVERAGE_NOT_COMPLETE,sec-submissions-and-archives,2026-08-14T00:00:00Z,,,,,,,,,,
AMC15X-075,HOLDOUT,ENTRY_FORMING,2026-05-14T16:00:00+00:00,2026-05-14T16:15:00+00:00,PUBLIC_ACCEPTANCE,ACTIVE,COVERED,sec-submissions-and-archives,2026-08-14T00:00:00Z,True,1,MEDIUM,8-K,MATERIAL_FILING,30.07111111111111,False,2026-05-13T10:10:44+00:00,0001104659-26-059690,
AMC15X-075,HOLDOUT,ENTRY_FORMING,2026-05-14T16:00:00+00:00,2026-05-14T16:15:00+00:00,OPERATIONAL_SEEN,SOURCE_UNAVAILABLE,COVERAGE_NOT_COMPLETE,sec-submissions-and-archives,2026-08-14T00:00:00Z,,,,,,,,,,
AMC15SUP-054,HOLDOUT,ENTRY_FORMING,2026-05-18T19:00:00+00:00,2026-05-18T19:15:00+00:00,PUBLIC_ACCEPTANCE,INACTIVE,COVERED,sec-submissions-and-archives,2026-08-14T00:00:00Z,False,0,,,,,False,,,
AMC15SUP-054,HOLDOUT,ENTRY_FORMING,2026-05-18T19:00:00+00:00,2026-05-18T19:15:00+00:00,OPERATIONAL_SEEN,SOURCE_UNAVAILABLE,COVERAGE_NOT_COMPLETE,sec-submissions-and-archives,2026-08-14T00:00:00Z,,,,,,,,,,
AMC15SUP-055,HOLDOUT,CONTINUATION,2026-05-19T14:45:00+00:00,2026-05-19T15:00:00+00:00,PUBLIC_ACCEPTANCE,INACTIVE,COVERED,sec-submissions-and-archives,2026-08-14T00:00:00Z,False,0,,,,,False,,,
AMC15SUP-055,HOLDOUT,CONTINUATION,2026-05-19T14:45:00+00:00,2026-05-19T15:00:00+00:00,OPERATIONAL_SEEN,SOURCE_UNAVAILABLE,COVERAGE_NOT_COMPLETE,sec-submissions-and-archives,2026-08-14T00:00:00Z,,,,,,,,,,
AMC15SUP-056,HOLDOUT,ENTRY_FORMING,2026-05-20T19:30:00+00:00,2026-05-20T19:45:00+00:00,PUBLIC_ACCEPTANCE,ACTIVE,COVERED,sec-submissions-and-archives,2026-08-14T00:00:00Z,True,1,INFO,4,INSIDER_FILING,23.334722222222222,False,2026-05-19T20:24:55+00:00,0001411579-26-000052,
AMC15SUP-056,HOLDOUT,ENTRY_FORMING,2026-05-20T19:30:00+00:00,2026-05-20T19:45:00+00:00,OPERATIONAL_SEEN,SOURCE_UNAVAILABLE,COVERAGE_NOT_COMPLETE,sec-submissions-and-archives,2026-08-14T00:00:00Z,,,,,,,,,,
AMC15X-076,HOLDOUT,ENTRY_FORMING,2026-05-21T19:45:00+00:00,2026-05-21T20:00:00+00:00,PUBLIC_ACCEPTANCE,ACTIVE,COVERED,sec-submissions-and-archives,2026-08-14T00:00:00Z,True,1,INFO,4,INSIDER_FILING,47.584722222222226,False,2026-05-19T20:24:55+00:00,0001411579-26-000052,
AMC15X-076,HOLDOUT,ENTRY_FORMING,2026-05-21T19:45:00+00:00,2026-05-21T20:00:00+00:00,OPERATIONAL_SEEN,SOURCE_UNAVAILABLE,COVERAGE_NOT_COMPLETE,sec-submissions-and-archives,2026-08-14T00:00:00Z,,,,,,,,,,
AMC15X-077,HOLDOUT,THESIS_PRESSURE,2026-05-26T17:00:00+00:00,2026-05-26T17:15:00+00:00,PUBLIC_ACCEPTANCE,INACTIVE,COVERED,sec-submissions-and-archives,2026-08-14T00:00:00Z,False,0,,,,,False,,,
AMC15X-077,HOLDOUT,THESIS_PRESSURE,2026-05-26T17:00:00+00:00,2026-05-26T17:15:00+00:00,OPERATIONAL_SEEN,SOURCE_UNAVAILABLE,COVERAGE_NOT_COMPLETE,sec-submissions-and-archives,2026-08-14T00:00:00Z,,,,,,,,,,
AMC15SUP-057,HOLDOUT,CONTINUATION,2026-05-26T19:45:00+00:00,2026-05-26T20:00:00+00:00,PUBLIC_ACCEPTANCE,INACTIVE,COVERED,sec-submissions-and-archives,2026-08-14T00:00:00Z,False,0,,,,,False,,,
AMC15SUP-057,HOLDOUT,CONTINUATION,2026-05-26T19:45:00+00:00,2026-05-26T20:00:00+00:00,OPERATIONAL_SEEN,SOURCE_UNAVAILABLE,COVERAGE_NOT_COMPLETE,sec-submissions-and-archives,2026-08-14T00:00:00Z,,,,,,,,,,
AMC15SUP-058,HOLDOUT,ENTRY_FORMING,2026-05-29T13:30:00+00:00,2026-05-29T13:45:00+00:00,PUBLIC_ACCEPTANCE,INACTIVE,COVERED,sec-submissions-and-archives,2026-08-14T00:00:00Z,False,0,,,,,False,,,
AMC15SUP-058,HOLDOUT,ENTRY_FORMING,2026-05-29T13:30:00+00:00,2026-05-29T13:45:00+00:00,OPERATIONAL_SEEN,SOURCE_UNAVAILABLE,COVERAGE_NOT_COMPLETE,sec-submissions-and-archives,2026-08-14T00:00:00Z,,,,,,,,,,
AMC15X-078,HOLDOUT,CONTINUATION,2026-05-29T18:45:00+00:00,2026-05-29T19:00:00+00:00,PUBLIC_ACCEPTANCE,INACTIVE,COVERED,sec-submissions-and-archives,2026-08-14T00:00:00Z,False,0,,,,,False,,,
AMC15X-078,HOLDOUT,CONTINUATION,2026-05-29T18:45:00+00:00,2026-05-29T19:00:00+00:00,OPERATIONAL_SEEN,SOURCE_UNAVAILABLE,COVERAGE_NOT_COMPLETE,sec-submissions-and-archives,2026-08-14T00:00:00Z,,,,,,,,,,
AMC15X-079,HOLDOUT,RISK_OR_EXHAUSTION,2026-06-01T18:00:00+00:00,2026-06-01T18:15:00+00:00,PUBLIC_ACCEPTANCE,INACTIVE,COVERED,sec-submissions-and-archives,2026-08-14T00:00:00Z,False,0,,,,,False,,,
AMC15X-079,HOLDOUT,RISK_OR_EXHAUSTION,2026-06-01T18:00:00+00:00,2026-06-01T18:15:00+00:00,OPERATIONAL_SEEN,SOURCE_UNAVAILABLE,COVERAGE_NOT_COMPLETE,sec-submissions-and-archives,2026-08-14T00:00:00Z,,,,,,,,,,
AMC15SUP-059,HOLDOUT,CONTINUATION,2026-06-02T19:00:00+00:00,2026-06-02T19:15:00+00:00,PUBLIC_ACCEPTANCE,INACTIVE,COVERED,sec-submissions-and-archives,2026-08-14T00:00:00Z,False,0,,,,,False,,,
AMC15SUP-059,HOLDOUT,CONTINUATION,2026-06-02T19:00:00+00:00,2026-06-02T19:15:00+00:00,OPERATIONAL_SEEN,SOURCE_UNAVAILABLE,COVERAGE_NOT_COMPLETE,sec-submissions-and-archives,2026-08-14T00:00:00Z,,,,,,,,,,
AMC15SUP-060,HOLDOUT,ENTRY_FORMING,2026-06-09T14:00:00+00:00,2026-06-09T14:15:00+00:00,PUBLIC_ACCEPTANCE,INACTIVE,COVERED,sec-submissions-and-archives,2026-08-14T00:00:00Z,False,0,,,,,False,,,
AMC15SUP-060,HOLDOUT,ENTRY_FORMING,2026-06-09T14:00:00+00:00,2026-06-09T14:15:00+00:00,OPERATIONAL_SEEN,SOURCE_UNAVAILABLE,COVERAGE_NOT_COMPLETE,sec-submissions-and-archives,2026-08-14T00:00:00Z,,,,,,,,,,
AMC15SUP-061,HOLDOUT,CONTINUATION,2026-06-10T19:45:00+00:00,2026-06-10T20:00:00+00:00,PUBLIC_ACCEPTANCE,INACTIVE,COVERED,sec-submissions-and-archives,2026-08-14T00:00:00Z,False,0,,,,,False,,,
AMC15SUP-061,HOLDOUT,CONTINUATION,2026-06-10T19:45:00+00:00,2026-06-10T20:00:00+00:00,OPERATIONAL_SEEN,SOURCE_UNAVAILABLE,COVERAGE_NOT_COMPLETE,sec-submissions-and-archives,2026-08-14T00:00:00Z,,,,,,,,,,
AMC15X-080,HOLDOUT,RISK_OR_EXHAUSTION,2026-06-11T13:45:00+00:00,2026-06-11T14:00:00+00:00,PUBLIC_ACCEPTANCE,ACTIVE,COVERED,sec-submissions-and-archives,2026-08-14T00:00:00Z,True,1,MEDIUM,8-K,MATERIAL_FILING,3.108611111111111,False,2026-06-11T10:53:29+00:00,0001104659-26-072600,
AMC15X-080,HOLDOUT,RISK_OR_EXHAUSTION,2026-06-11T13:45:00+00:00,2026-06-11T14:00:00+00:00,OPERATIONAL_SEEN,SOURCE_UNAVAILABLE,COVERAGE_NOT_COMPLETE,sec-submissions-and-archives,2026-08-14T00:00:00Z,,,,,,,,,,
AMC15SUP-062,HOLDOUT,CONTINUATION,2026-06-16T13:45:00+00:00,2026-06-16T14:00:00+00:00,PUBLIC_ACCEPTANCE,INACTIVE,COVERED,sec-submissions-and-archives,2026-08-14T00:00:00Z,False,0,,,,,False,,,
AMC15SUP-062,HOLDOUT,CONTINUATION,2026-06-16T13:45:00+00:00,2026-06-16T14:00:00+00:00,OPERATIONAL_SEEN,SOURCE_UNAVAILABLE,COVERAGE_NOT_COMPLETE,sec-submissions-and-archives,2026-08-14T00:00:00Z,,,,,,,,,,
AMC15X-081,HOLDOUT,CONTINUATION,2026-06-16T18:00:00+00:00,2026-06-16T18:15:00+00:00,PUBLIC_ACCEPTANCE,INACTIVE,COVERED,sec-submissions-and-archives,2026-08-14T00:00:00Z,False,0,,,,,False,,,
AMC15X-081,HOLDOUT,CONTINUATION,2026-06-16T18:00:00+00:00,2026-06-16T18:15:00+00:00,OPERATIONAL_SEEN,SOURCE_UNAVAILABLE,COVERAGE_NOT_COMPLETE,sec-submissions-and-archives,2026-08-14T00:00:00Z,,,,,,,,,,
AMC15X-082,HOLDOUT,RISK_OR_EXHAUSTION,2026-06-18T15:00:00+00:00,2026-06-18T15:15:00+00:00,PUBLIC_ACCEPTANCE,INACTIVE,COVERED,sec-submissions-and-archives,2026-08-14T00:00:00Z,False,0,,,,,False,,,
AMC15X-082,HOLDOUT,RISK_OR_EXHAUSTION,2026-06-18T15:00:00+00:00,2026-06-18T15:15:00+00:00,OPERATIONAL_SEEN,SOURCE_UNAVAILABLE,COVERAGE_NOT_COMPLETE,sec-submissions-and-archives,2026-08-14T00:00:00Z,,,,,,,,,,
AMC15SUP-063,HOLDOUT,CONTINUATION,2026-06-22T16:45:00+00:00,2026-06-22T17:00:00+00:00,PUBLIC_ACCEPTANCE,INACTIVE,COVERED,sec-submissions-and-archives,2026-08-14T00:00:00Z,False,0,,,,,False,,,
AMC15SUP-063,HOLDOUT,CONTINUATION,2026-06-22T16:45:00+00:00,2026-06-22T17:00:00+00:00,OPERATIONAL_SEEN,SOURCE_UNAVAILABLE,COVERAGE_NOT_COMPLETE,sec-submissions-and-archives,2026-08-14T00:00:00Z,,,,,,,,,,
AMC15X-083,HOLDOUT,ENTRY_FORMING,2026-06-29T19:00:00+00:00,2026-06-29T19:15:00+00:00,PUBLIC_ACCEPTANCE,INACTIVE,COVERED,sec-submissions-and-archives,2026-08-14T00:00:00Z,False,0,,,,,False,,,
AMC15X-083,HOLDOUT,ENTRY_FORMING,2026-06-29T19:00:00+00:00,2026-06-29T19:15:00+00:00,OPERATIONAL_SEEN,SOURCE_UNAVAILABLE,COVERAGE_NOT_COMPLETE,sec-submissions-and-archives,2026-08-14T00:00:00Z,,,,,,,,,,
AMC15X-084,HOLDOUT,THESIS_PRESSURE,2026-06-30T16:15:00+00:00,2026-06-30T16:30:00+00:00,PUBLIC_ACCEPTANCE,INACTIVE,COVERED,sec-submissions-and-archives,2026-08-14T00:00:00Z,False,0,,,,,False,,,
AMC15X-084,HOLDOUT,THESIS_PRESSURE,2026-06-30T16:15:00+00:00,2026-06-30T16:30:00+00:00,OPERATIONAL_SEEN,SOURCE_UNAVAILABLE,COVERAGE_NOT_COMPLETE,sec-submissions-and-archives,2026-08-14T00:00:00Z,,,,,,,,,,
AMC15X-085,HOLDOUT,RISK_OR_EXHAUSTION,2026-07-08T16:45:00+00:00,2026-07-08T17:00:00+00:00,PUBLIC_ACCEPTANCE,INACTIVE,COVERED,sec-submissions-and-archives,2026-08-14T00:00:00Z,False,0,,,,,False,,,
AMC15X-085,HOLDOUT,RISK_OR_EXHAUSTION,2026-07-08T16:45:00+00:00,2026-07-08T17:00:00+00:00,OPERATIONAL_SEEN,SOURCE_UNAVAILABLE,COVERAGE_NOT_COMPLETE,sec-submissions-and-archives,2026-08-14T00:00:00Z,,,,,,,,,,
AMC15SUP-064,HOLDOUT,ENTRY_FORMING,2026-07-10T15:00:00+00:00,2026-07-10T15:15:00+00:00,PUBLIC_ACCEPTANCE,INACTIVE,COVERED,sec-submissions-and-archives,2026-08-14T00:00:00Z,False,0,,,,,False,,,
AMC15SUP-064,HOLDOUT,ENTRY_FORMING,2026-07-10T15:00:00+00:00,2026-07-10T15:15:00+00:00,OPERATIONAL_SEEN,SOURCE_UNAVAILABLE,COVERAGE_NOT_COMPLETE,sec-submissions-and-archives,2026-08-14T00:00:00Z,,,,,,,,,,
AMC15SUP-065,HOLDOUT,CONTINUATION,2026-07-14T14:45:00+00:00,2026-07-14T15:00:00+00:00,PUBLIC_ACCEPTANCE,INACTIVE,COVERED,sec-submissions-and-archives,2026-08-14T00:00:00Z,False,0,,,,,False,,,
AMC15SUP-065,HOLDOUT,CONTINUATION,2026-07-14T14:45:00+00:00,2026-07-14T15:00:00+00:00,OPERATIONAL_SEEN,SOURCE_UNAVAILABLE,COVERAGE_NOT_COMPLETE,sec-submissions-and-archives,2026-08-14T00:00:00Z,,,,,,,,,,
AMC15X-086,HOLDOUT,CONTINUATION,2026-07-15T19:45:00+00:00,2026-07-15T20:00:00+00:00,PUBLIC_ACCEPTANCE,INACTIVE,COVERED,sec-submissions-and-archives,2026-08-14T00:00:00Z,False,0,,,,,False,,,
AMC15X-086,HOLDOUT,CONTINUATION,2026-07-15T19:45:00+00:00,2026-07-15T20:00:00+00:00,OPERATIONAL_SEEN,SOURCE_UNAVAILABLE,COVERAGE_NOT_COMPLETE,sec-submissions-and-archives,2026-08-14T00:00:00Z,,,,,,,,,,
AMC15X-087,HOLDOUT,THESIS_PRESSURE,2026-07-17T18:15:00+00:00,2026-07-17T18:30:00+00:00,PUBLIC_ACCEPTANCE,INACTIVE,COVERED,sec-submissions-and-archives,2026-08-14T00:00:00Z,False,0,,,,,False,,,
AMC15X-087,HOLDOUT,THESIS_PRESSURE,2026-07-17T18:15:00+00:00,2026-07-17T18:30:00+00:00,OPERATIONAL_SEEN,SOURCE_UNAVAILABLE,COVERAGE_NOT_COMPLETE,sec-submissions-and-archives,2026-08-14T00:00:00Z,,,,,,,,,,
AMC15SUP-066,HOLDOUT,CONTINUATION,2026-07-20T13:30:00+00:00,2026-07-20T13:45:00+00:00,PUBLIC_ACCEPTANCE,ACTIVE,COVERED,sec-submissions-and-archives,2026-08-14T00:00:00Z,True,1,MEDIUM,8-K,MATERIAL_FILING,2.755,False,2026-07-20T10:59:42+00:00,0001411579-26-000055,
AMC15SUP-066,HOLDOUT,CONTINUATION,2026-07-20T13:30:00+00:00,2026-07-20T13:45:00+00:00,OPERATIONAL_SEEN,SOURCE_UNAVAILABLE,COVERAGE_NOT_COMPLETE,sec-submissions-and-archives,2026-08-14T00:00:00Z,,,,,,,,,,
AMC15SUP-067,HOLDOUT,ENTRY_FORMING,2026-07-22T18:30:00+00:00,2026-07-22T18:45:00+00:00,PUBLIC_ACCEPTANCE,ACTIVE,COVERED,sec-submissions-and-archives,2026-08-14T00:00:00Z,True,1,MEDIUM,8-K,MATERIAL_FILING,55.755,False,2026-07-20T10:59:42+00:00,0001411579-26-000055,
AMC15SUP-067,HOLDOUT,ENTRY_FORMING,2026-07-22T18:30:00+00:00,2026-07-22T18:45:00+00:00,OPERATIONAL_SEEN,SOURCE_UNAVAILABLE,COVERAGE_NOT_COMPLETE,sec-submissions-and-archives,2026-08-14T00:00:00Z,,,,,,,,,,
AMC15SUP-068,HOLDOUT,CONTINUATION,2026-07-24T17:45:00+00:00,2026-07-24T18:00:00+00:00,PUBLIC_ACCEPTANCE,ACTIVE,COVERED,sec-submissions-and-archives,2026-08-14T00:00:00Z,True,1,INFO,10-Q,MATERIAL_FILING,21.940555555555555,False,2026-07-23T20:03:34+00:00,0001411579-26-000059,
AMC15SUP-068,HOLDOUT,CONTINUATION,2026-07-24T17:45:00+00:00,2026-07-24T18:00:00+00:00,OPERATIONAL_SEEN,SOURCE_UNAVAILABLE,COVERAGE_NOT_COMPLETE,sec-submissions-and-archives,2026-08-14T00:00:00Z,,,,,,,,,,
AMC15X-088,HOLDOUT,CONTINUATION,2026-07-27T13:30:00+00:00,2026-07-27T13:45:00+00:00,PUBLIC_ACCEPTANCE,INACTIVE,COVERED,sec-submissions-and-archives,2026-08-14T00:00:00Z,False,0,,,,,False,,,
AMC15X-088,HOLDOUT,CONTINUATION,2026-07-27T13:30:00+00:00,2026-07-27T13:45:00+00:00,OPERATIONAL_SEEN,SOURCE_UNAVAILABLE,COVERAGE_NOT_COMPLETE,sec-submissions-and-archives,2026-08-14T00:00:00Z,,,,,,,,,,
AMC15X-089,HOLDOUT,RISK_OR_EXHAUSTION,2026-07-28T19:00:00+00:00,2026-07-28T19:15:00+00:00,PUBLIC_ACCEPTANCE,INACTIVE,COVERED,sec-submissions-and-archives,2026-08-14T00:00:00Z,False,0,,,,,False,,,
AMC15X-089,HOLDOUT,RISK_OR_EXHAUSTION,2026-07-28T19:00:00+00:00,2026-07-28T19:15:00+00:00,OPERATIONAL_SEEN,SOURCE_UNAVAILABLE,COVERAGE_NOT_COMPLETE,sec-submissions-and-archives,2026-08-14T00:00:00Z,,,,,,,,,,
AMC15SUP-069,HOLDOUT,CONTINUATION,2026-07-29T19:45:00+00:00,2026-07-29T20:00:00+00:00,PUBLIC_ACCEPTANCE,INACTIVE,COVERED,sec-submissions-and-archives,2026-08-14T00:00:00Z,False,0,,,,,False,,,
AMC15SUP-069,HOLDOUT,CONTINUATION,2026-07-29T19:45:00+00:00,2026-07-29T20:00:00+00:00,OPERATIONAL_SEEN,SOURCE_UNAVAILABLE,COVERAGE_NOT_COMPLETE,sec-submissions-and-archives,2026-08-14T00:00:00Z,,,,,,,,,,
AMC15SUP-070,HOLDOUT,CONTINUATION,2026-08-03T19:00:00+00:00,2026-08-03T19:15:00+00:00,PUBLIC_ACCEPTANCE,INACTIVE,COVERED,sec-submissions-and-archives,2026-08-14T00:00:00Z,False,0,,,,,False,,,
AMC15SUP-070,HOLDOUT,CONTINUATION,2026-08-03T19:00:00+00:00,2026-08-03T19:15:00+00:00,OPERATIONAL_SEEN,SOURCE_UNAVAILABLE,COVERAGE_NOT_COMPLETE,sec-submissions-and-archives,2026-08-14T00:00:00Z,,,,,,,,,,
AMC15X-090,HOLDOUT,ENTRY_FORMING,2026-08-07T19:45:00+00:00,2026-08-07T20:00:00+00:00,PUBLIC_ACCEPTANCE,INACTIVE,COVERED,sec-submissions-and-archives,2026-08-14T00:00:00Z,False,0,,,,,False,,,
AMC15X-090,HOLDOUT,ENTRY_FORMING,2026-08-07T19:45:00+00:00,2026-08-07T20:00:00+00:00,OPERATIONAL_SEEN,SOURCE_UNAVAILABLE,COVERAGE_NOT_COMPLETE,sec-submissions-and-archives,2026-08-14T00:00:00Z,,,,,,,,,,
AMC15X-091,HOLDOUT,CONTINUATION,2026-08-11T13:45:00+00:00,2026-08-11T14:00:00+00:00,PUBLIC_ACCEPTANCE,INACTIVE,COVERED,sec-submissions-and-archives,2026-08-14T00:00:00Z,False,0,,,,,False,,,
AMC15X-091,HOLDOUT,CONTINUATION,2026-08-11T13:45:00+00:00,2026-08-11T14:00:00+00:00,OPERATIONAL_SEEN,SOURCE_UNAVAILABLE,COVERAGE_NOT_COMPLETE,sec-submissions-and-archives,2026-08-14T00:00:00Z,,,,,,,,,,
AMC15X-092,HOLDOUT,THESIS_PRESSURE,2026-08-11T17:00:00+00:00,2026-08-11T17:15:00+00:00,PUBLIC_ACCEPTANCE,INACTIVE,COVERED,sec-submissions-and-archives,2026-08-14T00:00:00Z,False,0,,,,,False,,,
AMC15X-092,HOLDOUT,THESIS_PRESSURE,2026-08-11T17:00:00+00:00,2026-08-11T17:15:00+00:00,OPERATIONAL_SEEN,SOURCE_UNAVAILABLE,COVERAGE_NOT_COMPLETE,sec-submissions-and-archives,2026-08-14T00:00:00Z,,,,,,,,,,
