signal_bar_open_utc,decision_available_utc,session_date,spot,event_family,events,campaign_health,phase_confidence,weakness_count,partition,symbol,anchor_id
2024-08-22T17:30:00+00:00,2024-08-22T17:45:00+00:00,2024-08-22,71.26,THESIS_PRESSURE,FAIL TEST,33.0,16.0,5.0,DISCOVERY,PYPL,PYPL-0001
2024-08-22T18:00:00+00:00,2024-08-22T18:15:00+00:00,2024-08-22,22.4291,THESIS_PRESSURE,FAIL TEST,27.0,10.0,6.0,DISCOVERY,GME,GME-0001
2024-08-22T18:00:00+00:00,2024-08-22T18:15:00+00:00,2024-08-22,263.66,THESIS_PRESSURE,FAIL TEST,0.0,0.0,18.0,DISCOVERY,LULU,LULU-0001
2024-08-22T18:00:00+00:00,2024-08-22T18:15:00+00:00,2024-08-22,17.095,THESIS_PRESSURE,FAIL TEST,9.0,1.0,9.0,DISCOVERY,U,U-0001
2024-08-22T19:00:00+00:00,2024-08-22T19:15:00+00:00,2024-08-22,22.53,CONTINUATION,RELOAD,64.0,50.0,2.0,DISCOVERY,GME,GME-0002
2024-08-22T19:30:00+00:00,2024-08-22T19:45:00+00:00,2024-08-22,10.425,CONTINUATION,RELOAD,9.0,26.0,0.0,DISCOVERY,VALE,VALE-0001
2024-08-23T13:30:00+00:00,2024-08-23T13:45:00+00:00,2024-08-23,267.49,CONTINUATION,RELOAD,78.0,59.0,0.0,DISCOVERY,LULU,LULU-0002
2024-08-23T13:30:00+00:00,2024-08-23T13:45:00+00:00,2024-08-23,559.32,CONTINUATION,RELOAD,25.0,32.0,0.0,DISCOVERY,SPY,SPY-0001
2024-08-23T13:30:00+00:00,2024-08-23T13:45:00+00:00,2024-08-23,216.3271,CONTINUATION,RELOAD,20.0,31.0,0.0,DISCOVERY,TSLA,TSLA-0001
2024-08-23T13:30:00+00:00,2024-08-23T13:45:00+00:00,2024-08-23,17.1702,CONTINUATION,RELOAD,74.0,54.0,0.0,DISCOVERY,U,U-0002
2024-08-23T14:15:00+00:00,2024-08-23T14:30:00+00:00,2024-08-23,71.685,CONTINUATION,RELOAD,53.0,39.0,2.0,DISCOVERY,PYPL,PYPL-0002
2024-08-23T15:45:00+00:00,2024-08-23T16:00:00+00:00,2024-08-23,217.7701,THESIS_PRESSURE,FAIL TEST,42.0,21.0,9.0,DISCOVERY,TSLA,TSLA-0002
2024-08-23T19:30:00+00:00,2024-08-23T19:45:00+00:00,2024-08-23,561.245,ENTRY_FORMING,STRONG START,100.0,67.0,0.0,DISCOVERY,SPY,SPY-0002
2024-08-23T19:45:00+00:00,2024-08-23T20:00:00+00:00,2024-08-23,44.17,ENTRY_FORMING,IGNITION,100.0,67.0,0.0,DISCOVERY,RBLX,RBLX-0001
2024-08-26T13:45:00+00:00,2024-08-26T14:00:00+00:00,2024-08-26,272.817,RISK_OR_EXHAUSTION,MANAGE,95.0,77.0,0.0,DISCOVERY,LULU,LULU-0003
2024-08-26T19:45:00+00:00,2024-08-26T20:00:00+00:00,2024-08-26,17.73,ENTRY_FORMING,STRONG START,38.0,25.0,8.0,DISCOVERY,U,U-0003
2024-08-27T13:45:00+00:00,2024-08-27T14:00:00+00:00,2024-08-27,10.8,RISK_OR_EXHAUSTION,MANAGE,95.0,62.0,0.0,DISCOVERY,VALE,VALE-0002
2024-08-28T15:15:00+00:00,2024-08-28T15:30:00+00:00,2024-08-28,558.31,THESIS_PRESSURE,FAIL TEST,20.0,8.0,6.0,DISCOVERY,SPY,SPY-0003
2024-08-29T13:45:00+00:00,2024-08-29T14:00:00+00:00,2024-08-29,213.36,RISK_OR_EXHAUSTION,MANAGE,73.0,49.0,0.0,DISCOVERY,TSLA,TSLA-0003
2024-08-29T14:15:00+00:00,2024-08-29T14:30:00+00:00,2024-08-29,72.58,RISK_OR_EXHAUSTION,MANAGE,80.0,51.0,0.0,DISCOVERY,PYPL,PYPL-0003
2024-08-29T17:30:00+00:00,2024-08-29T17:45:00+00:00,2024-08-29,22.3795,RISK_OR_EXHAUSTION,MANAGE,81.0,51.0,0.0,DISCOVERY,GME,GME-0003
2024-08-29T17:30:00+00:00,2024-08-29T17:45:00+00:00,2024-08-29,44.06,THESIS_PRESSURE,FAIL TEST,42.0,22.0,4.0,DISCOVERY,RBLX,RBLX-0002
2024-08-29T19:15:00+00:00,2024-08-29T19:30:00+00:00,2024-08-29,73.33,ENTRY_FORMING,STRONG START,98.0,66.0,0.0,DISCOVERY,PYPL,PYPL-0004
2024-08-30T13:45:00+00:00,2024-08-30T14:00:00+00:00,2024-08-30,44.13,CONTINUATION,RELOAD,77.0,51.0,0.0,DISCOVERY,RBLX,RBLX-0003
2024-09-04T13:45:00+00:00,2024-09-04T14:00:00+00:00,2024-09-04,23.53,ENTRY_FORMING,IGNITION,98.0,66.0,0.0,DISCOVERY,GME,GME-0004
2024-09-05T18:15:00+00:00,2024-09-05T18:30:00+00:00,2024-09-05,16.9295,RISK_OR_EXHAUSTION,MANAGE,0.0,0.0,17.0,DISCOVERY,U,U-0004
2024-09-05T19:45:00+00:00,2024-09-05T20:00:00+00:00,2024-09-05,230.18,ENTRY_FORMING,IGNITION,100.0,67.0,0.0,DISCOVERY,TSLA,TSLA-0004
2024-09-05T19:45:00+00:00,2024-09-05T20:00:00+00:00,2024-09-05,10.24,ENTRY_FORMING,CAMPAIGN START,90.0,58.0,0.0,DISCOVERY,VALE,VALE-0003
2024-09-06T15:30:00+00:00,2024-09-06T15:45:00+00:00,2024-09-06,10.12,THESIS_PRESSURE,FAIL TEST,15.0,4.0,5.0,DISCOVERY,VALE,VALE-0004
2024-09-10T19:00:00+00:00,2024-09-10T19:15:00+00:00,2024-09-10,44.79,RISK_OR_EXHAUSTION,PEAK,100.0,86.0,0.0,DISCOVERY,RBLX,RBLX-0004
2024-09-13T19:45:00+00:00,2024-09-13T20:00:00+00:00,2024-09-13,266.7,ENTRY_FORMING,STRONG START,100.0,67.0,0.0,DISCOVERY,LULU,LULU-0004
2024-09-17T13:45:00+00:00,2024-09-17T14:00:00+00:00,2024-09-17,564.49,RISK_OR_EXHAUSTION,PEAK,96.0,83.0,0.0,DISCOVERY,SPY,SPY-0004
2024-09-30T13:30:00+00:00,2024-09-30T13:45:00+00:00,2024-09-30,23.28,CONTINUATION,RELOAD,76.0,59.0,0.0,DISCOVERY,U,U-0005
2024-09-30T19:45:00+00:00,2024-09-30T20:00:00+00:00,2024-09-30,261.605,CONTINUATION,RELOAD,61.0,46.0,3.0,DISCOVERY,TSLA,TSLA-0005
2024-10-04T13:45:00+00:00,2024-10-04T14:00:00+00:00,2024-10-04,78.56,RISK_OR_EXHAUSTION,MANAGE,0.0,0.0,20.0,DISCOVERY,PYPL,PYPL-0005
2024-10-08T18:45:00+00:00,2024-10-08T19:00:00+00:00,2024-10-08,21.21,THESIS_PRESSURE,FAIL (any severity),54.0,32.0,0.0,DISCOVERY,U,U-0006
2024-10-16T13:30:00+00:00,2024-10-16T13:45:00+00:00,2024-10-16,79.815,CONTINUATION,RELOAD,36.0,38.0,0.0,DISCOVERY,PYPL,PYPL-0006
2024-10-21T15:00:00+00:00,2024-10-21T15:15:00+00:00,2024-10-21,218.25,THESIS_PRESSURE,FAIL (any severity),23.0,13.0,1.0,DISCOVERY,TSLA,TSLA-0006
2024-10-21T15:30:00+00:00,2024-10-21T15:45:00+00:00,2024-10-21,581.6224,THESIS_PRESSURE,FAIL TEST,13.0,3.0,7.0,DISCOVERY,SPY,SPY-0005
2024-10-22T17:30:00+00:00,2024-10-22T17:45:00+00:00,2024-10-22,583.45,CONTINUATION,RELOAD,27.0,36.0,0.0,DISCOVERY,SPY,SPY-0006
2024-10-24T13:45:00+00:00,2024-10-24T14:00:00+00:00,2024-10-24,249.27,RISK_OR_EXHAUSTION,MANAGE,75.0,52.0,0.0,DISCOVERY,TSLA,TSLA-0007
2024-10-24T19:00:00+00:00,2024-10-24T19:15:00+00:00,2024-10-24,579.21,ENTRY_FORMING,STRONG START,82.0,56.0,0.0,DISCOVERY,SPY,SPY-0007
2024-10-25T13:45:00+00:00,2024-10-25T14:00:00+00:00,2024-10-25,20.675,ENTRY_FORMING,STRONG START,0.0,0.0,21.0,DISCOVERY,GME,GME-0005
2024-10-31T15:30:00+00:00,2024-10-31T15:45:00+00:00,2024-10-31,22.721,THESIS_PRESSURE,FAIL TEST,9.0,2.0,9.0,DISCOVERY,GME,GME-0006
2024-11-01T15:00:00+00:00,2024-11-01T15:15:00+00:00,2024-11-01,312.0656,RISK_OR_EXHAUSTION,MANAGE,87.0,57.0,0.0,DISCOVERY,LULU,LULU-0005
2024-11-04T16:45:00+00:00,2024-11-04T17:00:00+00:00,2024-11-04,77.47,THESIS_PRESSURE,FAIL TEST,4.0,0.0,9.0,DISCOVERY,PYPL,PYPL-0007
2024-11-05T16:15:00+00:00,2024-11-05T16:30:00+00:00,2024-11-05,50.8161,CONTINUATION,RELOAD,79.0,54.0,0.0,DISCOVERY,RBLX,RBLX-0005
2024-11-07T19:45:00+00:00,2024-11-07T20:00:00+00:00,2024-11-07,53.56,RISK_OR_EXHAUSTION,PEAK,95.0,84.0,0.0,DISCOVERY,RBLX,RBLX-0006
2024-11-08T17:30:00+00:00,2024-11-08T17:45:00+00:00,2024-11-08,24.4199,CONTINUATION,ADD,99.0,84.0,0.0,DISCOVERY,GME,GME-0007
2024-11-08T17:45:00+00:00,2024-11-08T18:00:00+00:00,2024-11-08,52.36,THESIS_PRESSURE,FAIL (any severity),4.0,0.0,9.0,DISCOVERY,RBLX,RBLX-0007
2024-11-08T19:30:00+00:00,2024-11-08T19:45:00+00:00,2024-11-08,25.1999,RISK_OR_EXHAUSTION,MANAGE,91.0,82.0,0.0,DISCOVERY,GME,GME-0008
2024-11-13T17:30:00+00:00,2024-11-13T17:45:00+00:00,2024-11-13,87.42,RISK_OR_EXHAUSTION,PEAK,96.0,83.0,0.0,DISCOVERY,PYPL,PYPL-0008
2024-11-19T15:30:00+00:00,2024-11-19T15:45:00+00:00,2024-11-19,10.045,ENTRY_FORMING,STRONG START,96.0,65.0,0.0,DISCOVERY,VALE,VALE-0005
2024-11-20T20:30:00+00:00,2024-11-20T20:45:00+00:00,2024-11-20,306.94,ENTRY_FORMING,STRONG START,85.0,57.0,0.0,DISCOVERY,LULU,LULU-0006
2024-11-20T20:30:00+00:00,2024-11-20T20:45:00+00:00,2024-11-20,84.605,ENTRY_FORMING,STRONG START,94.0,64.0,0.0,DISCOVERY,PYPL,PYPL-0009
2024-11-21T14:30:00+00:00,2024-11-21T14:45:00+00:00,2024-11-21,9.8488,THESIS_PRESSURE,FAIL (any severity),48.0,25.0,1.0,DISCOVERY,VALE,VALE-0006
2024-11-21T19:45:00+00:00,2024-11-21T20:00:00+00:00,2024-11-21,22.585,RISK_OR_EXHAUSTION,PEAK,96.0,80.0,0.0,DISCOVERY,U,U-0007
2024-11-22T14:30:00+00:00,2024-11-22T14:45:00+00:00,2024-11-22,85.94,CONTINUATION,ADD,92.0,74.0,0.0,DISCOVERY,PYPL,PYPL-0010
2024-11-29T14:30:00+00:00,2024-11-29T14:45:00+00:00,2024-11-29,50.0799,ENTRY_FORMING,STRONG START,75.0,55.0,0.0,DISCOVERY,RBLX,RBLX-0008
2024-11-29T14:45:00+00:00,2024-11-29T15:00:00+00:00,2024-11-29,338.8403,ENTRY_FORMING,STRONG START,82.0,54.0,0.0,DISCOVERY,TSLA,TSLA-0008
2024-12-04T20:45:00+00:00,2024-12-04T21:00:00+00:00,2024-12-04,607.61,RISK_OR_EXHAUSTION,MANAGE,95.0,78.0,0.0,DISCOVERY,SPY,SPY-0008
2024-12-04T20:45:00+00:00,2024-12-04T21:00:00+00:00,2024-12-04,26.33,ENTRY_FORMING,IGNITION,100.0,73.0,0.0,DISCOVERY,U,U-0008
2024-12-05T15:00:00+00:00,2024-12-05T15:15:00+00:00,2024-12-05,372.71,RISK_OR_EXHAUSTION,MANAGE,95.0,77.0,0.0,DISCOVERY,TSLA,TSLA-0009
2024-12-05T17:45:00+00:00,2024-12-05T18:00:00+00:00,2024-12-05,343.7,CONTINUATION,ADD,99.0,82.0,0.0,DISCOVERY,LULU,LULU-0007
2024-12-05T19:00:00+00:00,2024-12-05T19:15:00+00:00,2024-12-05,30.0944,RISK_OR_EXHAUSTION,MANAGE,72.0,49.0,0.0,DISCOVERY,GME,GME-0009
2024-12-10T20:45:00+00:00,2024-12-10T21:00:00+00:00,2024-12-10,397.02,THESIS_PRESSURE,FAIL (any severity),30.0,17.0,6.0,DISCOVERY,LULU,LULU-0008
2024-12-26T20:15:00+00:00,2024-12-26T20:30:00+00:00,2024-12-26,8.945,CONTINUATION,RELOAD,40.0,35.0,0.0,DISCOVERY,VALE,VALE-0007
2024-12-26T20:45:00+00:00,2024-12-26T21:00:00+00:00,2024-12-26,24.17,CONTINUATION,ADD,99.0,79.0,0.0,DISCOVERY,U,U-0009
2024-12-30T15:30:00+00:00,2024-12-30T15:45:00+00:00,2024-12-30,586.658,THESIS_PRESSURE,FAIL TEST,1.0,0.0,9.0,DISCOVERY,SPY,SPY-0009
2024-12-30T20:45:00+00:00,2024-12-30T21:00:00+00:00,2024-12-30,85.39,THESIS_PRESSURE,FAIL (any severity),0.0,0.0,12.0,DISCOVERY,PYPL,PYPL-0011
2024-12-31T15:15:00+00:00,2024-12-31T15:30:00+00:00,2024-12-31,32.38,ENTRY_FORMING,STRONG START,72.0,49.0,3.0,DISCOVERY,GME,GME-0010
2025-01-06T14:45:00+00:00,2025-01-06T15:00:00+00:00,2025-01-06,25.075,RISK_OR_EXHAUSTION,MANAGE,96.0,69.0,0.0,DISCOVERY,U,U-0010
2025-01-06T20:00:00+00:00,2025-01-06T20:15:00+00:00,2025-01-06,394.39,RISK_OR_EXHAUSTION,ADD|PEAK,98.0,80.0,0.0,DISCOVERY,LULU,LULU-0009
2025-01-07T14:30:00+00:00,2025-01-07T14:45:00+00:00,2025-01-07,62.275,RISK_OR_EXHAUSTION,PEAK,100.0,86.0,0.0,DISCOVERY,RBLX,RBLX-0009
2025-01-07T19:00:00+00:00,2025-01-07T19:15:00+00:00,2025-01-07,60.975,CONTINUATION,RELOAD,56.0,47.0,0.0,DISCOVERY,RBLX,RBLX-0010
2025-01-07T20:00:00+00:00,2025-01-07T20:15:00+00:00,2025-01-07,33.4599,CONTINUATION,ADD,100.0,85.0,0.0,DISCOVERY,GME,GME-0011
2025-01-08T19:15:00+00:00,2025-01-08T19:30:00+00:00,2025-01-08,590.2716,ENTRY_FORMING,STRONG START,76.0,52.0,0.0,DISCOVERY,SPY,SPY-0010
2025-01-13T17:15:00+00:00,2025-01-13T17:30:00+00:00,2025-01-13,395.92,CONTINUATION,RELOAD,0.0,18.0,0.0,DISCOVERY,TSLA,TSLA-0010
2025-01-13T18:30:00+00:00,2025-01-13T18:45:00+00:00,2025-01-13,60.52,THESIS_PRESSURE,FAIL TEST,0.0,0.0,17.0,DISCOVERY,RBLX,RBLX-0011
2025-01-15T20:30:00+00:00,2025-01-15T20:45:00+00:00,2025-01-15,63.57,ENTRY_FORMING,STRONG START,100.0,67.0,0.0,DISCOVERY,RBLX,RBLX-0012
2025-01-16T16:45:00+00:00,2025-01-16T17:00:00+00:00,2025-01-16,412.725,THESIS_PRESSURE,FAIL TEST,12.0,3.0,8.0,DISCOVERY,TSLA,TSLA-0011
2025-01-24T16:30:00+00:00,2025-01-24T16:45:00+00:00,2025-01-24,610.115,RISK_OR_EXHAUSTION,PEAK,95.0,78.0,0.0,DISCOVERY,SPY,SPY-0011
2025-01-27T18:30:00+00:00,2025-01-27T18:45:00+00:00,2025-01-27,9.16,RISK_OR_EXHAUSTION,MANAGE,92.0,74.0,0.0,DISCOVERY,VALE,VALE-0008
2025-01-28T16:30:00+00:00,2025-01-28T16:45:00+00:00,2025-01-28,9.025,THESIS_PRESSURE,FAIL TEST,10.0,0.0,7.0,DISCOVERY,VALE,VALE-0009
2025-01-30T15:45:00+00:00,2025-01-30T16:00:00+00:00,2025-01-30,89.715,CONTINUATION,ADD,91.0,68.0,0.0,DISCOVERY,PYPL,PYPL-0012
2025-01-30T20:00:00+00:00,2025-01-30T20:15:00+00:00,2025-01-30,606.0805,CONTINUATION,ADD,99.0,74.0,0.0,DISCOVERY,SPY,SPY-0012
2025-01-31T17:45:00+00:00,2025-01-31T18:00:00+00:00,2025-01-31,22.5587,THESIS_PRESSURE,FAIL TEST,28.0,12.0,4.0,DISCOVERY,U,U-0011
2025-02-03T20:15:00+00:00,2025-02-03T20:30:00+00:00,2025-02-03,9.345,ENTRY_FORMING,STRONG START,98.0,65.0,0.0,DISCOVERY,VALE,VALE-0010
2025-02-03T20:30:00+00:00,2025-02-03T20:45:00+00:00,2025-02-03,89.255,ENTRY_FORMING,STRONG START,95.0,64.0,0.0,DISCOVERY,PYPL,PYPL-0013
2025-02-04T14:30:00+00:00,2025-02-04T14:45:00+00:00,2025-02-04,415.635,ENTRY_FORMING,STRONG START,90.0,62.0,0.0,DISCOVERY,LULU,LULU-0010
2025-02-10T14:30:00+00:00,2025-02-10T14:45:00+00:00,2025-02-10,21.35,ENTRY_FORMING,STRONG START,77.0,54.0,0.0,DISCOVERY,U,U-0012
2025-02-18T14:30:00+00:00,2025-02-18T14:45:00+00:00,2025-02-18,26.9497,THESIS_PRESSURE,FAIL TEST,38.0,17.0,10.0,DISCOVERY,GME,GME-0012
2025-02-19T19:00:00+00:00,2025-02-19T19:15:00+00:00,2025-02-19,9.74,CONTINUATION,RELOAD,34.0,38.0,0.0,DISCOVERY,VALE,VALE-0011
2025-02-20T18:00:00+00:00,2025-02-20T18:15:00+00:00,2025-02-20,363.66,CONTINUATION,RELOAD,18.0,23.0,0.0,DISCOVERY,LULU,LULU-0011
2025-02-20T20:15:00+00:00,2025-02-20T20:30:00+00:00,2025-02-20,363.57,THESIS_PRESSURE,FAIL TEST,3.0,0.0,9.0,DISCOVERY,LULU,LULU-0012
2025-03-10T16:30:00+00:00,2025-03-10T16:45:00+00:00,2025-03-10,68.43,THESIS_PRESSURE,FAIL (any severity),0.0,0.0,11.0,DISCOVERY,PYPL,PYPL-0014
2025-03-12T16:45:00+00:00,2025-03-12T17:00:00+00:00,2025-03-12,559.07,THESIS_PRESSURE,FAIL TEST,0.0,0.0,18.0,DISCOVERY,SPY,SPY-0013
2025-03-12T19:45:00+00:00,2025-03-12T20:00:00+00:00,2025-03-12,248.28,ENTRY_FORMING,STRONG START,93.0,64.0,0.0,DISCOVERY,TSLA,TSLA-0012
2025-03-20T14:45:00+00:00,2025-03-20T15:00:00+00:00,2025-03-20,70.58,RISK_OR_EXHAUSTION,PEAK,100.0,84.0,0.0,DISCOVERY,PYPL,PYPL-0015
2025-03-21T13:45:00+00:00,2025-03-21T14:00:00+00:00,2025-03-21,58.87,ENTRY_FORMING,STRONG START,62.0,41.0,5.0,DISCOVERY,RBLX,RBLX-0013
2025-03-24T14:30:00+00:00,2025-03-24T14:45:00+00:00,2025-03-24,271.29,RISK_OR_EXHAUSTION,MANAGE|PEAK,95.0,79.0,0.0,DISCOVERY,TSLA,TSLA-0013
2025-03-25T19:00:00+00:00,2025-03-25T19:15:00+00:00,2025-03-25,25.433,ENTRY_FORMING,STRONG START,17.0,10.0,11.0,DISCOVERY,GME,GME-0013
2025-03-26T13:30:00+00:00,2025-03-26T13:45:00+00:00,2025-03-26,283.44,CONTINUATION,ADD,100.0,81.0,0.0,DISCOVERY,TSLA,TSLA-0014
2025-03-26T16:00:00+00:00,2025-03-26T16:15:00+00:00,2025-03-26,273.62,THESIS_PRESSURE,FAIL TEST,8.0,0.0,9.0,DISCOVERY,TSLA,TSLA-0015
2025-04-01T13:30:00+00:00,2025-04-01T13:45:00+00:00,2025-04-01,65.49,ENTRY_FORMING,STRONG START,89.0,58.0,0.0,DISCOVERY,PYPL,PYPL-0016
2025-04-01T19:45:00+00:00,2025-04-01T20:00:00+00:00,2025-04-01,561.03,ENTRY_FORMING,STRONG START,91.0,63.0,0.0,DISCOVERY,SPY,SPY-0014
2025-04-07T19:30:00+00:00,2025-04-07T19:45:00+00:00,2025-04-07,262.52,ENTRY_FORMING,CAMPAIGN START,50.0,35.0,5.0,DISCOVERY,LULU,LULU-0013
2025-04-08T14:15:00+00:00,2025-04-08T14:30:00+00:00,2025-04-08,24.68,RISK_OR_EXHAUSTION,PEAK,97.0,80.0,0.0,DISCOVERY,GME,GME-0014
2025-04-09T17:00:00+00:00,2025-04-09T17:15:00+00:00,2025-04-09,17.38,ENTRY_FORMING,STRONG START,87.0,60.0,0.0,DISCOVERY,U,U-0013
2025-04-09T18:15:00+00:00,2025-04-09T18:30:00+00:00,2025-04-09,282.68,RISK_OR_EXHAUSTION,MANAGE,82.0,52.0,0.0,DISCOVERY,LULU,LULU-0014
2025-04-15T14:15:00+00:00,2025-04-15T14:30:00+00:00,2025-04-15,59.01,CONTINUATION,ADD,96.0,68.0,0.0,DISCOVERY,RBLX,RBLX-0014
2025-04-15T14:30:00+00:00,2025-04-15T14:45:00+00:00,2025-04-15,9.1401,THESIS_PRESSURE,FAIL TEST,23.0,7.0,6.0,DISCOVERY,VALE,VALE-0012
2025-04-17T13:30:00+00:00,2025-04-17T13:45:00+00:00,2025-04-17,26.45,CONTINUATION,RELOAD,25.0,34.0,0.0,DISCOVERY,GME,GME-0015
2025-04-21T16:15:00+00:00,2025-04-21T16:30:00+00:00,2025-04-21,26.28,THESIS_PRESSURE,FAIL (any severity),2.0,0.0,10.0,DISCOVERY,GME,GME-0016
2025-04-22T15:30:00+00:00,2025-04-22T15:45:00+00:00,2025-04-22,9.355,RISK_OR_EXHAUSTION,MANAGE,86.0,55.0,0.0,DISCOVERY,VALE,VALE-0013
2025-04-23T13:45:00+00:00,2025-04-23T14:00:00+00:00,2025-04-23,21.79,RISK_OR_EXHAUSTION,MANAGE|PEAK,95.0,74.0,0.0,DISCOVERY,U,U-0014
2025-04-23T14:15:00+00:00,2025-04-23T14:30:00+00:00,2025-04-23,64.09,RISK_OR_EXHAUSTION,PEAK,94.0,73.0,0.0,DISCOVERY,RBLX,RBLX-0015
2025-04-24T13:45:00+00:00,2025-04-24T14:00:00+00:00,2025-04-24,21.59,CONTINUATION,ADD,94.0,75.0,1.0,DISCOVERY,U,U-0015
2025-04-25T15:30:00+00:00,2025-04-25T15:45:00+00:00,2025-04-25,267.17,THESIS_PRESSURE,FAIL TEST,31.0,13.0,7.0,DISCOVERY,LULU,LULU-0015
2025-04-28T13:30:00+00:00,2025-04-28T13:45:00+00:00,2025-04-28,9.5444,CONTINUATION,RELOAD,41.0,36.0,0.0,DISCOVERY,VALE,VALE-0014
2025-04-28T15:45:00+00:00,2025-04-28T16:00:00+00:00,2025-04-28,21.98,THESIS_PRESSURE,FAIL TEST,31.0,14.0,5.0,DISCOVERY,U,U-0016
2025-04-28T17:00:00+00:00,2025-04-28T17:15:00+00:00,2025-04-28,65.74,THESIS_PRESSURE,FAIL TEST,24.0,9.0,7.0,DISCOVERY,RBLX,RBLX-0016
2025-04-28T19:00:00+00:00,2025-04-28T19:15:00+00:00,2025-04-28,64.645,CONTINUATION,RELOAD,38.0,41.0,0.0,DISCOVERY,PYPL,PYPL-0017
2025-04-29T17:45:00+00:00,2025-04-29T18:00:00+00:00,2025-04-29,554.7325,CONTINUATION,ADD,100.0,81.0,0.0,DISCOVERY,SPY,SPY-0015
2025-05-02T19:00:00+00:00,2025-05-02T19:15:00+00:00,2025-05-02,276.1,CONTINUATION,ADD,100.0,82.0,0.0,DISCOVERY,LULU,LULU-0016
2025-05-02T19:45:00+00:00,2025-05-02T20:00:00+00:00,2025-05-02,9.37,ENTRY_FORMING,CAMPAIGN START,93.0,60.0,0.0,DISCOVERY,VALE,VALE-0015
2025-05-09T19:45:00+00:00,2025-05-09T20:00:00+00:00,2025-05-09,298.1017,ENTRY_FORMING,STRONG START,100.0,82.0,0.0,DISCOVERY,TSLA,TSLA-0016
2025-05-12T13:45:00+00:00,2025-05-12T14:00:00+00:00,2025-05-12,578.79,RISK_OR_EXHAUSTION,MANAGE,67.0,43.0,2.0,DISCOVERY,SPY,SPY-0016
2025-05-14T14:30:00+00:00,2025-05-14T14:45:00+00:00,2025-05-14,29.2801,RISK_OR_EXHAUSTION,MANAGE,97.0,84.0,0.0,DISCOVERY,GME,GME-0017
2025-05-20T13:30:00+00:00,2025-05-20T13:45:00+00:00,2025-05-20,350.08,CONTINUATION,RELOAD,93.0,63.0,0.0,DISCOVERY,TSLA,TSLA-0017
2025-05-22T19:30:00+00:00,2025-05-22T19:45:00+00:00,2025-05-22,585.07,THESIS_PRESSURE,FAIL (any severity),1.0,0.0,14.0,DISCOVERY,SPY,SPY-0017
2025-05-29T15:00:00+00:00,2025-05-29T15:15:00+00:00,2025-05-29,70.96,THESIS_PRESSURE,FAIL TEST,3.0,0.0,8.0,DISCOVERY,PYPL,PYPL-0018
2025-05-29T18:45:00+00:00,2025-05-29T19:00:00+00:00,2025-05-29,358.77,THESIS_PRESSURE,FAIL TEST,38.0,21.0,5.0,DISCOVERY,TSLA,TSLA-0018
2025-06-03T13:45:00+00:00,2025-06-03T14:00:00+00:00,2025-06-03,329.88,RISK_OR_EXHAUSTION,MANAGE,93.0,68.0,0.0,DISCOVERY,LULU,LULU-0017
2025-06-03T18:45:00+00:00,2025-06-03T19:00:00+00:00,2025-06-03,89.94,CONTINUATION,ADD,100.0,80.0,0.0,DISCOVERY,RBLX,RBLX-0017
2025-06-03T19:30:00+00:00,2025-06-03T19:45:00+00:00,2025-06-03,595.94,ENTRY_FORMING,STRONG START,100.0,67.0,0.0,DISCOVERY,SPY,SPY-0018
2025-06-04T14:00:00+00:00,2025-06-04T14:15:00+00:00,2025-06-04,90.675,RISK_OR_EXHAUSTION,PEAK,99.0,88.0,0.0,DISCOVERY,RBLX,RBLX-0018
2025-06-04T15:30:00+00:00,2025-06-04T15:45:00+00:00,2025-06-04,72.91,RISK_OR_EXHAUSTION,MANAGE,87.0,58.0,0.0,DISCOVERY,PYPL,PYPL-0019
2025-06-09T19:45:00+00:00,2025-06-09T20:00:00+00:00,2025-06-09,308.6573,RISK_OR_EXHAUSTION,MANAGE,79.0,50.0,0.0,DISCOVERY,TSLA,TSLA-0019
2025-06-11T19:15:00+00:00,2025-06-11T19:30:00+00:00,2025-06-11,95.8,ENTRY_FORMING,STRONG START,96.0,65.0,0.0,DISCOVERY,RBLX,RBLX-0019
2025-06-12T18:30:00+00:00,2025-06-12T18:45:00+00:00,2025-06-12,74.815,ENTRY_FORMING,CAMPAIGN START,93.0,59.0,0.0,DISCOVERY,PYPL,PYPL-0020
2025-06-24T13:30:00+00:00,2025-06-24T13:45:00+00:00,2025-06-24,9.165,ENTRY_FORMING,STRONG START,87.0,55.0,0.0,DISCOVERY,VALE,VALE-0016
2025-06-24T16:45:00+00:00,2025-06-24T17:00:00+00:00,2025-06-24,9.145,THESIS_PRESSURE,FAIL (any severity),22.0,0.0,13.0,DISCOVERY,VALE,VALE-0017
2025-06-24T18:45:00+00:00,2025-06-24T19:00:00+00:00,2025-06-24,23.195,ENTRY_FORMING,STRONG START,77.0,57.0,0.0,DISCOVERY,GME,GME-0018
2025-06-24T19:45:00+00:00,2025-06-24T20:00:00+00:00,2025-06-24,24.04,ENTRY_FORMING,STRONG START,99.0,65.0,0.0,DISCOVERY,U,U-0017
2025-06-26T16:15:00+00:00,2025-06-26T16:30:00+00:00,2025-06-26,231.1638,CONTINUATION,RELOAD,35.0,31.0,0.0,DISCOVERY,LULU,LULU-0018
2025-06-27T14:30:00+00:00,2025-06-27T14:45:00+00:00,2025-06-27,23.5302,THESIS_PRESSURE,FAIL TEST,27.0,14.0,9.0,DISCOVERY,U,U-0018
2025-06-27T16:45:00+00:00,2025-06-27T17:00:00+00:00,2025-06-27,615.97,RISK_OR_EXHAUSTION,PEAK,79.0,65.0,0.0,DISCOVERY,SPY,SPY-0019
2025-06-27T18:30:00+00:00,2025-06-27T18:45:00+00:00,2025-06-27,24.0225,CONTINUATION,ADD,88.0,68.0,0.0,DISCOVERY,U,U-0019
2025-06-30T17:30:00+00:00,2025-06-30T17:45:00+00:00,2025-06-30,24.005,CONTINUATION,ADD,97.0,72.0,0.0,DISCOVERY,GME,GME-0019
2025-07-02T14:45:00+00:00,2025-07-02T15:00:00+00:00,2025-07-02,618.74,CONTINUATION,ADD,99.0,75.0,0.0,DISCOVERY,SPY,SPY-0020
2025-07-02T19:30:00+00:00,2025-07-02T19:45:00+00:00,2025-07-02,10.28,RISK_OR_EXHAUSTION,PEAK,97.0,80.0,0.0,DISCOVERY,VALE,VALE-0018
2025-07-03T15:45:00+00:00,2025-07-03T16:00:00+00:00,2025-07-03,25.7487,RISK_OR_EXHAUSTION,MANAGE,88.0,71.0,0.0,DISCOVERY,U,U-0020
2025-07-07T16:30:00+00:00,2025-07-07T16:45:00+00:00,2025-07-07,237.73,THESIS_PRESSURE,FAIL (any severity),0.0,0.0,13.0,DISCOVERY,LULU,LULU-0019
2025-07-16T15:30:00+00:00,2025-07-16T15:45:00+00:00,2025-07-16,117.645,RISK_OR_EXHAUSTION,MANAGE,94.0,80.0,0.0,DISCOVERY,RBLX,RBLX-0020
2025-07-16T18:45:00+00:00,2025-07-16T19:00:00+00:00,2025-07-16,23.4412,THESIS_PRESSURE,FAIL TEST,38.0,20.0,5.0,DISCOVERY,GME,GME-0020
2025-07-17T19:30:00+00:00,2025-07-17T19:45:00+00:00,2025-07-17,73.955,CONTINUATION,ADD,32.0,34.0,5.0,DISCOVERY,PYPL,PYPL-0021
2025-07-22T19:45:00+00:00,2025-07-22T20:00:00+00:00,2025-07-22,76.01,RISK_OR_EXHAUSTION,PEAK,100.0,90.0,0.0,DISCOVERY,PYPL,PYPL-0022
2025-07-23T14:15:00+00:00,2025-07-23T14:30:00+00:00,2025-07-23,225.9035,ENTRY_FORMING,STRONG START,86.0,58.0,0.0,DISCOVERY,LULU,LULU-0020
2025-07-23T19:45:00+00:00,2025-07-23T20:00:00+00:00,2025-07-23,333.0,ENTRY_FORMING,STRONG START,100.0,67.0,0.0,DISCOVERY,TSLA,TSLA-0020
2025-07-24T19:30:00+00:00,2025-07-24T19:45:00+00:00,2025-07-24,118.61,THESIS_PRESSURE,FAIL (any severity),0.0,0.0,25.0,DISCOVERY,RBLX,RBLX-0021
2025-07-28T17:00:00+00:00,2025-07-28T17:15:00+00:00,2025-07-28,119.42,CONTINUATION,RELOAD,84.0,57.0,0.0,DISCOVERY,RBLX,RBLX-0022
2025-08-04T19:15:00+00:00,2025-08-04T19:30:00+00:00,2025-08-04,630.265,ENTRY_FORMING,STRONG START,95.0,64.0,0.0,DISCOVERY,SPY,SPY-0021
2025-08-05T16:45:00+00:00,2025-08-05T17:00:00+00:00,2025-08-05,306.32,THESIS_PRESSURE,FAIL (any severity),1.0,0.0,11.0,DISCOVERY,TSLA,TSLA-0021
2025-08-05T18:15:00+00:00,2025-08-05T18:30:00+00:00,2025-08-05,628.71,THESIS_PRESSURE,FAIL TEST,41.0,21.0,4.0,DISCOVERY,SPY,SPY-0022
2025-08-06T19:15:00+00:00,2025-08-06T19:30:00+00:00,2025-08-06,319.2952,CONTINUATION,ADD,97.0,76.0,0.0,DISCOVERY,TSLA,TSLA-0022
2025-08-07T13:30:00+00:00,2025-08-07T13:45:00+00:00,2025-08-07,9.955,CONTINUATION,RELOAD,66.0,54.0,0.0,DISCOVERY,VALE,VALE-0019
2025-08-07T13:45:00+00:00,2025-08-07T14:00:00+00:00,2025-08-07,636.48,RISK_OR_EXHAUSTION,MANAGE,94.0,75.0,0.0,DISCOVERY,SPY,SPY-0023
2025-08-11T17:00:00+00:00,2025-08-11T17:15:00+00:00,2025-08-11,67.13,THESIS_PRESSURE,FAIL (any severity),0.0,0.0,21.0,DISCOVERY,PYPL,PYPL-0023
2025-08-12T18:00:00+00:00,2025-08-12T18:15:00+00:00,2025-08-12,36.35,RISK_OR_EXHAUSTION,MANAGE,82.0,53.0,0.0,DISCOVERY,U,U-0021
2025-08-13T14:00:00+00:00,2025-08-13T14:15:00+00:00,2025-08-13,197.36,RISK_OR_EXHAUSTION,PEAK,94.0,79.0,0.0,DISCOVERY,LULU,LULU-0021
2025-08-14T19:30:00+00:00,2025-08-14T19:45:00+00:00,2025-08-14,69.36,ENTRY_FORMING,STRONG START,100.0,67.0,0.0,DISCOVERY,PYPL,PYPL-0024
2025-08-18T18:30:00+00:00,2025-08-18T18:45:00+00:00,2025-08-18,643.115,CONTINUATION,RELOAD,22.0,29.0,0.0,DISCOVERY,SPY,SPY-0024
2025-08-18T19:45:00+00:00,2025-08-18T20:00:00+00:00,2025-08-18,38.33,ENTRY_FORMING,CAMPAIGN START,98.0,77.0,0.0,DISCOVERY,U,U-0022
2025-08-20T15:30:00+00:00,2025-08-20T15:45:00+00:00,2025-08-20,118.46,ENTRY_FORMING,STRONG START,78.0,52.0,0.0,DISCOVERY,RBLX,RBLX-0023
2025-08-26T13:45:00+00:00,2025-08-26T14:00:00+00:00,2025-08-26,10.185,ENTRY_FORMING,STRONG START,99.0,67.0,0.0,DISCOVERY,VALE,VALE-0020
2025-08-26T19:30:00+00:00,2025-08-26T19:45:00+00:00,2025-08-26,349.35,RISK_OR_EXHAUSTION,PEAK,100.0,87.0,0.0,DISCOVERY,TSLA,TSLA-0023
2025-08-28T14:30:00+00:00,2025-08-28T14:45:00+00:00,2025-08-28,10.3842,RISK_OR_EXHAUSTION,PEAK,89.0,82.0,0.0,DISCOVERY,VALE,VALE-0021
2025-08-29T17:45:00+00:00,2025-08-29T18:00:00+00:00,2025-08-29,202.415,THESIS_PRESSURE,FAIL TEST,0.0,0.0,18.0,DISCOVERY,LULU,LULU-0022
2025-08-29T18:15:00+00:00,2025-08-29T18:30:00+00:00,2025-08-29,22.72,ENTRY_FORMING,STRONG START,98.0,66.0,0.0,DISCOVERY,GME,GME-0021
2025-09-03T13:45:00+00:00,2025-09-03T14:00:00+00:00,2025-09-03,23.485,CONTINUATION,ADD,94.0,70.0,0.0,DISCOVERY,GME,GME-0022
2025-09-03T13:45:00+00:00,2025-09-03T14:00:00+00:00,2025-09-03,130.67,RISK_OR_EXHAUSTION,MANAGE,97.0,81.0,0.0,DISCOVERY,RBLX,RBLX-0024
2025-09-15T14:15:00+00:00,2025-09-15T14:30:00+00:00,2025-09-15,25.4419,RISK_OR_EXHAUSTION,PEAK,95.0,76.0,0.0,DISCOVERY,GME,GME-0023
2025-09-15T19:00:00+00:00,2025-09-15T19:15:00+00:00,2025-09-15,45.87,CONTINUATION,ADD,100.0,77.0,0.0,DISCOVERY,U,U-0023
2025-09-16T13:45:00+00:00,2025-09-16T14:00:00+00:00,2025-09-16,415.99,ENTRY_FORMING,IGNITION,99.0,67.0,0.0,DISCOVERY,TSLA,TSLA-0024
2025-09-17T15:15:00+00:00,2025-09-17T15:30:00+00:00,2025-09-17,45.575,THESIS_PRESSURE,FAIL TEST,20.0,6.0,8.0,DISCOVERY,U,U-0024
2025-09-18T16:15:00+00:00,2025-09-18T16:30:00+00:00,2025-09-18,10.86,THESIS_PRESSURE,FAIL TEST,16.0,2.0,8.0,DISCOVERY,VALE,VALE-0022
2025-09-19T19:15:00+00:00,2025-09-19T19:30:00+00:00,2025-09-19,10.915,CONTINUATION,ADD,99.0,74.0,0.0,DISCOVERY,VALE,VALE-0023
2025-09-23T14:30:00+00:00,2025-09-23T14:45:00+00:00,2025-09-23,174.93,CONTINUATION,ADD,95.0,88.0,0.0,DISCOVERY,LULU,LULU-0023
2025-09-23T16:00:00+00:00,2025-09-23T16:15:00+00:00,2025-09-23,134.445,THESIS_PRESSURE,FAIL (any severity),0.0,0.0,11.0,DISCOVERY,RBLX,RBLX-0025
2025-09-24T13:30:00+00:00,2025-09-24T13:45:00+00:00,2025-09-24,134.3675,CONTINUATION,RELOAD,36.0,34.0,0.0,DISCOVERY,RBLX,RBLX-0026
2025-09-24T16:45:00+00:00,2025-09-24T17:00:00+00:00,2025-09-24,26.555,THESIS_PRESSURE,FAIL (any severity),0.0,0.0,15.0,DISCOVERY,GME,GME-0024
2025-09-26T19:30:00+00:00,2025-09-26T19:45:00+00:00,2025-09-26,176.135,ENTRY_FORMING,STRONG START,100.0,67.0,0.0,DISCOVERY,LULU,LULU-0024
2025-09-29T13:45:00+00:00,2025-09-29T14:00:00+00:00,2025-09-29,68.5,RISK_OR_EXHAUSTION,MANAGE,90.0,65.0,0.0,DISCOVERY,PYPL,PYPL-0025
2025-09-29T17:00:00+00:00,2025-09-29T17:15:00+00:00,2025-09-29,69.605,CONTINUATION,ADD,93.0,71.0,0.0,DISCOVERY,PYPL,PYPL-0026
2025-10-15T19:30:00+00:00,2025-10-15T19:45:00+00:00,2025-10-15,664.7788,ENTRY_FORMING,CAMPAIGN START,44.0,29.0,4.0,DISCOVERY,SPY,SPY-0025
2025-10-17T16:15:00+00:00,2025-10-17T16:30:00+00:00,2025-10-17,663.11,THESIS_PRESSURE,FAIL TEST,10.0,3.0,9.0,DISCOVERY,SPY,SPY-0026
2025-10-17T19:45:00+00:00,2025-10-17T20:00:00+00:00,2025-10-17,35.245,ENTRY_FORMING,STRONG START,84.0,57.0,0.0,DISCOVERY,U,U-0025
2025-10-20T13:45:00+00:00,2025-10-20T14:00:00+00:00,2025-10-20,173.5,RISK_OR_EXHAUSTION,MANAGE,82.0,52.0,0.0,DISCOVERY,LULU,LULU-0025
2025-10-20T19:45:00+00:00,2025-10-20T20:00:00+00:00,2025-10-20,447.35,RISK_OR_EXHAUSTION,PEAK,100.0,86.0,0.0,DISCOVERY,TSLA,TSLA-0025
2025-10-22T16:00:00+00:00,2025-10-22T16:15:00+00:00,2025-10-22,68.79,THESIS_PRESSURE,FAIL (any severity),1.0,0.0,11.0,DISCOVERY,PYPL,PYPL-0027
2025-10-27T13:30:00+00:00,2025-10-27T13:45:00+00:00,2025-10-27,682.75,RISK_OR_EXHAUSTION,PEAK,100.0,84.0,0.0,DISCOVERY,SPY,SPY-0027
2025-10-27T14:00:00+00:00,2025-10-27T14:15:00+00:00,2025-10-27,70.735,ENTRY_FORMING,STRONG START,98.0,66.0,0.0,DISCOVERY,PYPL,PYPL-0028
2025-10-28T13:30:00+00:00,2025-10-28T13:45:00+00:00,2025-10-28,11.495,ENTRY_FORMING,STRONG START,91.0,63.0,0.0,DISCOVERY,VALE,VALE-0024
2025-10-31T13:30:00+00:00,2025-10-31T13:45:00+00:00,2025-10-31,448.1695,CONTINUATION,RELOAD,29.0,36.0,0.0,DISCOVERY,TSLA,TSLA-0026
2025-11-05T19:45:00+00:00,2025-11-05T20:00:00+00:00,2025-11-05,22.165,ENTRY_FORMING,CAMPAIGN START,86.0,59.0,0.0,DISCOVERY,GME,GME-0025
2025-11-05T20:30:00+00:00,2025-11-05T20:45:00+00:00,2025-11-05,42.535,RISK_OR_EXHAUSTION,MANAGE,93.0,68.0,0.0,DISCOVERY,U,U-0026
2025-11-10T14:30:00+00:00,2025-11-10T14:45:00+00:00,2025-11-10,438.305,ENTRY_FORMING,STRONG START,79.0,56.0,0.0,DISCOVERY,TSLA,TSLA-0027
2025-11-10T20:00:00+00:00,2025-11-10T20:15:00+00:00,2025-11-10,106.295,ENTRY_FORMING,STRONG START,93.0,60.0,0.0,DISCOVERY,RBLX,RBLX-0027
2025-11-10T20:45:00+00:00,2025-11-10T21:00:00+00:00,2025-11-10,681.33,CONTINUATION,ADD,93.0,70.0,0.0,DISCOVERY,SPY,SPY-0028
2025-11-13T16:00:00+00:00,2025-11-13T16:15:00+00:00,2025-11-13,101.415,THESIS_PRESSURE,FAIL TEST,1.0,0.0,11.0,DISCOVERY,RBLX,RBLX-0028
2025-11-14T18:15:00+00:00,2025-11-14T18:30:00+00:00,2025-11-14,20.8,THESIS_PRESSURE,FAIL (any severity),0.0,0.0,22.0,DISCOVERY,GME,GME-0026
2025-11-17T18:45:00+00:00,2025-11-17T19:00:00+00:00,2025-11-17,409.07,THESIS_PRESSURE,FAIL TEST,26.0,11.0,4.0,DISCOVERY,TSLA,TSLA-0028
2025-11-17T19:15:00+00:00,2025-11-17T19:30:00+00:00,2025-11-17,12.28,THESIS_PRESSURE,FAIL TEST,2.0,0.0,9.0,DISCOVERY,VALE,VALE-0025
2025-11-20T18:45:00+00:00,2025-11-20T19:00:00+00:00,2025-11-20,165.725,THESIS_PRESSURE,FAIL (any severity),7.0,0.0,7.0,DISCOVERY,LULU,LULU-0026
2025-11-21T18:30:00+00:00,2025-11-21T18:45:00+00:00,2025-11-21,169.58,CONTINUATION,ADD,39.0,27.0,7.0,DISCOVERY,LULU,LULU-0027
2025-11-26T14:45:00+00:00,2025-11-26T15:00:00+00:00,2025-11-26,12.365,RISK_OR_EXHAUSTION,MANAGE,95.0,70.0,0.0,DISCOVERY,VALE,VALE-0026
2025-11-26T20:30:00+00:00,2025-11-26T20:45:00+00:00,2025-11-26,21.775,RISK_OR_EXHAUSTION,MANAGE,94.0,76.0,0.0,DISCOVERY,GME,GME-0027
2025-11-28T15:00:00+00:00,2025-11-28T15:15:00+00:00,2025-11-28,62.75,RISK_OR_EXHAUSTION,PEAK,92.0,79.0,0.0,DISCOVERY,PYPL,PYPL-0029
2025-12-01T20:45:00+00:00,2025-12-01T21:00:00+00:00,2025-12-01,22.78,CONTINUATION,ADD,99.0,81.0,0.0,DISCOVERY,GME,GME-0028
2025-12-03T20:30:00+00:00,2025-12-03T20:45:00+00:00,2025-12-03,183.195,ENTRY_FORMING,STRONG START,0.0,0.0,15.0,DISCOVERY,LULU,LULU-0028
2025-12-04T16:45:00+00:00,2025-12-04T17:00:00+00:00,2025-12-04,44.3038,CONTINUATION,RELOAD,46.0,40.0,0.0,DISCOVERY,U,U-0027
2025-12-04T19:00:00+00:00,2025-12-04T19:15:00+00:00,2025-12-04,44.07,THESIS_PRESSURE,FAIL TEST,7.0,0.0,9.0,DISCOVERY,U,U-0028
2025-12-11T20:30:00+00:00,2025-12-11T20:45:00+00:00,2025-12-11,13.345,CONTINUATION,ADD,98.0,73.0,0.0,DISCOVERY,VALE,VALE-0027
2025-12-17T14:45:00+00:00,2025-12-17T15:00:00+00:00,2025-12-17,492.8933,RISK_OR_EXHAUSTION,MANAGE,95.0,79.0,0.0,DISCOVERY,TSLA,TSLA-0029
2025-12-24T16:00:00+00:00,2025-12-24T16:15:00+00:00,2025-12-24,46.42,RISK_OR_EXHAUSTION,MANAGE,51.0,36.0,6.0,DISCOVERY,U,U-0029
2026-01-05T14:45:00+00:00,2026-01-05T15:00:00+00:00,2026-01-05,215.72,RISK_OR_EXHAUSTION,MANAGE,94.0,68.0,0.0,DISCOVERY,LULU,LULU-0029
2026-01-05T15:00:00+00:00,2026-01-05T15:15:00+00:00,2026-01-05,13.435,RISK_OR_EXHAUSTION,MANAGE|PEAK,90.0,78.0,0.0,DISCOVERY,VALE,VALE-0028
2026-01-15T19:45:00+00:00,2026-01-15T20:00:00+00:00,2026-01-15,87.61,RISK_OR_EXHAUSTION,PEAK,89.0,75.0,0.0,DISCOVERY,RBLX,RBLX-0029
2026-01-16T15:30:00+00:00,2026-01-16T15:45:00+00:00,2026-01-16,89.13,CONTINUATION,ADD,95.0,76.0,0.0,DISCOVERY,RBLX,RBLX-0030
2026-01-16T18:15:00+00:00,2026-01-16T18:30:00+00:00,2026-01-16,440.3501,CONTINUATION,RELOAD,45.0,37.0,0.0,DISCOVERY,TSLA,TSLA-0030
2026-01-21T15:45:00+00:00,2026-01-21T16:00:00+00:00,2026-01-21,42.415,ENTRY_FORMING,STRONG START,83.0,55.0,0.0,DISCOVERY,U,U-0030
2026-01-21T18:45:00+00:00,2026-01-21T19:00:00+00:00,2026-01-21,55.51,CONTINUATION,RELOAD,31.0,28.0,0.0,DISCOVERY,PYPL,PYPL-0030
2026-01-21T19:15:00+00:00,2026-01-21T19:30:00+00:00,2026-01-21,684.4,ENTRY_FORMING,STRONG START,71.0,51.0,0.0,DISCOVERY,SPY,SPY-0029
2026-01-22T14:30:00+00:00,2026-01-22T14:45:00+00:00,2026-01-22,193.8,ENTRY_FORMING,STRONG START,79.0,54.0,0.0,DISCOVERY,LULU,LULU-0030
2026-01-23T17:30:00+00:00,2026-01-23T17:45:00+00:00,2026-01-23,192.04,THESIS_PRESSURE,FAIL (any severity),0.0,0.0,13.0,DISCOVERY,LULU,LULU-0031
2026-01-26T15:00:00+00:00,2026-01-26T15:15:00+00:00,2026-01-26,194.97,CONTINUATION,RELOAD,37.0,36.0,0.0,DISCOVERY,LULU,LULU-0032
2026-01-26T15:30:00+00:00,2026-01-26T15:45:00+00:00,2026-01-26,56.705,ENTRY_FORMING,CAMPAIGN START,89.0,57.0,0.0,DISCOVERY,PYPL,PYPL-0031
2026-01-26T17:30:00+00:00,2026-01-26T17:45:00+00:00,2026-01-26,24.74,RISK_OR_EXHAUSTION,MANAGE,92.0,73.0,0.0,DISCOVERY,GME,GME-0029
2026-01-26T17:30:00+00:00,2026-01-26T17:45:00+00:00,2026-01-26,43.62,CONTINUATION,ADD,96.0,73.0,0.0,DISCOVERY,U,U-0031
2026-01-26T20:45:00+00:00,2026-01-26T21:00:00+00:00,2026-01-26,56.6,THESIS_PRESSURE,FAIL (any severity),20.0,7.0,7.0,DISCOVERY,PYPL,PYPL-0032
2026-01-27T14:45:00+00:00,2026-01-27T15:00:00+00:00,2026-01-27,42.06,THESIS_PRESSURE,FAIL (any severity),1.0,0.0,12.0,DISCOVERY,U,U-0032
2026-01-27T16:00:00+00:00,2026-01-27T16:15:00+00:00,2026-01-27,24.025,CONTINUATION,RELOAD,58.0,44.0,2.0,DISCOVERY,GME,GME-0030
2026-01-27T20:15:00+00:00,2026-01-27T20:30:00+00:00,2026-01-27,695.9999,CONTINUATION,ADD,99.0,81.0,0.0,DISCOVERY,SPY,SPY-0030
2026-01-28T14:45:00+00:00,2026-01-28T15:00:00+00:00,2026-01-28,697.12,RISK_OR_EXHAUSTION,PEAK,100.0,87.0,0.0,DISCOVERY,SPY,SPY-0031
2026-01-28T14:45:00+00:00,2026-01-28T15:00:00+00:00,2026-01-28,437.4795,ENTRY_FORMING,STRONG START,84.0,56.0,0.0,DISCOVERY,TSLA,TSLA-0031
2026-01-28T17:30:00+00:00,2026-01-28T17:45:00+00:00,2026-01-28,23.535,THESIS_PRESSURE,FAIL (any severity),1.0,0.0,13.0,DISCOVERY,GME,GME-0031
2026-01-28T19:00:00+00:00,2026-01-28T19:15:00+00:00,2026-01-28,694.915,THESIS_PRESSURE,FAIL (any severity),2.0,0.0,11.0,DISCOVERY,SPY,SPY-0032
2026-01-28T19:30:00+00:00,2026-01-28T19:45:00+00:00,2026-01-28,16.62,ENTRY_FORMING,IGNITION,99.0,83.0,0.0,DISCOVERY,VALE,VALE-0029
2026-01-28T20:45:00+00:00,2026-01-28T21:00:00+00:00,2026-01-28,431.46,THESIS_PRESSURE,FAIL (any severity),0.0,0.0,24.0,DISCOVERY,TSLA,TSLA-0032
2026-01-28T20:45:00+00:00,2026-01-28T21:00:00+00:00,2026-01-28,16.755,RISK_OR_EXHAUSTION,PEAK,100.0,86.0,0.0,DISCOVERY,VALE,VALE-0030
2026-01-29T20:30:00+00:00,2026-01-29T20:45:00+00:00,2026-01-29,74.91,ENTRY_FORMING,STRONG START,93.0,62.0,0.0,DISCOVERY,RBLX,RBLX-0031
2026-01-29T20:45:00+00:00,2026-01-29T21:00:00+00:00,2026-01-29,16.95,CONTINUATION,ADD,99.0,81.0,0.0,DISCOVERY,VALE,VALE-0031
2026-01-30T17:15:00+00:00,2026-01-30T17:30:00+00:00,2026-01-30,66.95,THESIS_PRESSURE,FAIL (any severity),0.0,0.0,11.0,DISCOVERY,RBLX,RBLX-0032
2026-01-30T17:30:00+00:00,2026-01-30T17:45:00+00:00,2026-01-30,16.295,THESIS_PRESSURE,FAIL (any severity),0.0,0.0,13.0,DISCOVERY,VALE,VALE-0032
2026-01-30T19:30:00+00:00,2026-01-30T19:45:00+00:00,2026-01-30,23.79,ENTRY_FORMING,STRONG START,99.0,67.0,0.0,DISCOVERY,GME,GME-0032
2026-02-02T14:30:00+00:00,2026-02-02T14:45:00+00:00,2026-02-02,69.115,CONTINUATION,RELOAD,12.0,24.0,0.0,HOLDOUT,RBLX,RBLX-0033
2026-02-02T14:30:00+00:00,2026-02-02T14:45:00+00:00,2026-02-02,692.59,ENTRY_FORMING,STRONG START,92.0,61.0,0.0,HOLDOUT,SPY,SPY-0033
2026-02-02T15:00:00+00:00,2026-02-02T15:15:00+00:00,2026-02-02,25.24,RISK_OR_EXHAUSTION,MANAGE,95.0,65.0,0.0,HOLDOUT,GME,GME-0033
2026-02-02T16:45:00+00:00,2026-02-02T17:00:00+00:00,2026-02-02,68.11,THESIS_PRESSURE,FAIL TEST,18.0,7.0,9.0,HOLDOUT,RBLX,RBLX-0034
2026-02-02T19:45:00+00:00,2026-02-02T20:00:00+00:00,2026-02-02,25.5925,CONTINUATION,ADD,98.0,74.0,0.0,HOLDOUT,GME,GME-0034
2026-02-02T20:00:00+00:00,2026-02-02T20:15:00+00:00,2026-02-02,177.92,ENTRY_FORMING,CAMPAIGN START,84.0,53.0,0.0,HOLDOUT,LULU,LULU-0033
2026-02-03T14:45:00+00:00,2026-02-03T15:00:00+00:00,2026-02-03,16.785,RISK_OR_EXHAUSTION,MANAGE,78.0,48.0,0.0,HOLDOUT,VALE,VALE-0033
2026-02-03T15:30:00+00:00,2026-02-03T15:45:00+00:00,2026-02-03,24.72,THESIS_PRESSURE,FAIL TEST,37.0,20.0,5.0,HOLDOUT,GME,GME-0035
2026-02-03T15:30:00+00:00,2026-02-03T15:45:00+00:00,2026-02-03,691.35,THESIS_PRESSURE,FAIL TEST,32.0,13.0,4.0,HOLDOUT,SPY,SPY-0034
2026-02-03T16:30:00+00:00,2026-02-03T16:45:00+00:00,2026-02-03,175.605,THESIS_PRESSURE,FAIL TEST,23.0,8.0,4.0,HOLDOUT,LULU,LULU-0034
2026-02-03T19:15:00+00:00,2026-02-03T19:30:00+00:00,2026-02-03,16.79,ENTRY_FORMING,STRONG START,99.0,67.0,0.0,HOLDOUT,VALE,VALE-0034
2026-02-04T14:30:00+00:00,2026-02-04T14:45:00+00:00,2026-02-04,422.49,ENTRY_FORMING,STRONG START,84.0,58.0,0.0,HOLDOUT,TSLA,TSLA-0033
2026-02-04T14:45:00+00:00,2026-02-04T15:00:00+00:00,2026-02-04,24.525,ENTRY_FORMING,CAMPAIGN START,59.0,42.0,3.0,HOLDOUT,GME,GME-0036
2026-02-04T15:00:00+00:00,2026-02-04T15:15:00+00:00,2026-02-04,175.8,CONTINUATION,RELOAD,66.0,48.0,0.0,HOLDOUT,LULU,LULU-0035
2026-02-04T15:00:00+00:00,2026-02-04T15:15:00+00:00,2026-02-04,16.91,CONTINUATION,ADD,100.0,73.0,0.0,HOLDOUT,VALE,VALE-0035
2026-02-04T16:45:00+00:00,2026-02-04T17:00:00+00:00,2026-02-04,406.33,THESIS_PRESSURE,FAIL TEST,1.0,0.0,9.0,HOLDOUT,TSLA,TSLA-0034
2026-02-04T19:45:00+00:00,2026-02-04T20:00:00+00:00,2026-02-04,409.035,CONTINUATION,RELOAD,0.0,15.0,0.0,HOLDOUT,TSLA,TSLA-0035
2026-02-04T20:00:00+00:00,2026-02-04T20:15:00+00:00,2026-02-04,64.89,ENTRY_FORMING,STRONG START,85.0,56.0,0.0,HOLDOUT,RBLX,RBLX-0035
2026-02-05T15:30:00+00:00,2026-02-05T15:45:00+00:00,2026-02-05,16.565,THESIS_PRESSURE,FAIL TEST,40.0,21.0,5.0,HOLDOUT,VALE,VALE-0036
2026-02-06T20:45:00+00:00,2026-02-06T21:00:00+00:00,2026-02-06,40.41,ENTRY_FORMING,STRONG START,85.0,57.0,0.0,HOLDOUT,PYPL,PYPL-0033
2026-02-06T20:45:00+00:00,2026-02-06T21:00:00+00:00,2026-02-06,25.09,ENTRY_FORMING,STRONG START,96.0,65.0,0.0,HOLDOUT,U,U-0033
2026-02-09T14:45:00+00:00,2026-02-09T15:00:00+00:00,2026-02-09,72.375,RISK_OR_EXHAUSTION,MANAGE,91.0,73.0,0.0,HOLDOUT,RBLX,RBLX-0036
2026-02-10T16:30:00+00:00,2026-02-10T16:45:00+00:00,2026-02-10,184.19,RISK_OR_EXHAUSTION,MANAGE,86.0,69.0,0.0,HOLDOUT,LULU,LULU-0036
2026-02-10T20:00:00+00:00,2026-02-10T20:15:00+00:00,2026-02-10,28.69,CONTINUATION,ADD,96.0,74.0,0.0,HOLDOUT,U,U-0034
2026-02-11T14:30:00+00:00,2026-02-11T14:45:00+00:00,2026-02-11,40.835,THESIS_PRESSURE,FAIL TEST,24.0,12.0,11.0,HOLDOUT,PYPL,PYPL-0034
2026-02-11T16:00:00+00:00,2026-02-11T16:15:00+00:00,2026-02-11,20.8039,THESIS_PRESSURE,FAIL TEST,10.0,0.0,7.0,HOLDOUT,U,U-0035
2026-02-20T18:30:00+00:00,2026-02-20T18:45:00+00:00,2026-02-20,42.01,CONTINUATION,ADD,98.0,74.0,0.0,HOLDOUT,PYPL,PYPL-0035
2026-02-20T18:30:00+00:00,2026-02-20T18:45:00+00:00,2026-02-20,688.7,CONTINUATION,ADD,92.0,72.0,0.0,HOLDOUT,SPY,SPY-0035
2026-02-24T20:45:00+00:00,2026-02-24T21:00:00+00:00,2026-02-24,47.01,RISK_OR_EXHAUSTION,MANAGE,97.0,78.0,0.0,HOLDOUT,PYPL,PYPL-0036
2026-02-25T14:45:00+00:00,2026-02-25T15:00:00+00:00,2026-02-25,691.32,RISK_OR_EXHAUSTION,MANAGE,94.0,75.0,0.0,HOLDOUT,SPY,SPY-0036
2026-02-25T14:45:00+00:00,2026-02-25T15:00:00+00:00,2026-02-25,415.785,RISK_OR_EXHAUSTION,MANAGE,45.0,43.0,4.0,HOLDOUT,TSLA,TSLA-0036
2026-02-26T15:00:00+00:00,2026-02-26T15:15:00+00:00,2026-02-26,19.309,RISK_OR_EXHAUSTION,MANAGE,88.0,68.0,0.0,HOLDOUT,U,U-0036
2026-03-12T16:45:00+00:00,2026-03-12T17:00:00+00:00,2026-03-12,399.84,THESIS_PRESSURE,FAIL (any severity),0.0,0.0,14.0,HOLDOUT,TSLA,TSLA-0037
2026-03-18T13:45:00+00:00,2026-03-18T14:00:00+00:00,2026-03-18,669.28,THESIS_PRESSURE,FAIL TEST,31.0,14.0,5.0,HOLDOUT,SPY,SPY-0037
2026-03-20T18:30:00+00:00,2026-03-20T18:45:00+00:00,2026-03-20,162.57,THESIS_PRESSURE,FAIL (any severity),5.0,0.0,5.0,HOLDOUT,LULU,LULU-0037
2026-03-23T13:30:00+00:00,2026-03-23T13:45:00+00:00,2026-03-23,167.27,CONTINUATION,RELOAD,62.0,43.0,0.0,HOLDOUT,LULU,LULU-0038
2026-03-23T19:45:00+00:00,2026-03-23T20:00:00+00:00,2026-03-23,380.85,ENTRY_FORMING,STRONG START,96.0,63.0,0.0,HOLDOUT,TSLA,TSLA-0038
2026-03-24T18:30:00+00:00,2026-03-24T18:45:00+00:00,2026-03-24,384.9901,CONTINUATION,ADD,74.0,58.0,2.0,HOLDOUT,TSLA,TSLA-0039
2026-03-25T13:30:00+00:00,2026-03-25T13:45:00+00:00,2026-03-25,22.92,ENTRY_FORMING,CAMPAIGN START,0.0,0.0,21.0,HOLDOUT,GME,GME-0037
2026-03-25T13:30:00+00:00,2026-03-25T13:45:00+00:00,2026-03-25,658.9,ENTRY_FORMING,STRONG START,77.0,54.0,0.0,HOLDOUT,SPY,SPY-0038
2026-03-25T19:00:00+00:00,2026-03-25T19:15:00+00:00,2026-03-25,17.72,THESIS_PRESSURE,FAIL (any severity),0.0,0.0,22.0,HOLDOUT,U,U-0037
2026-03-25T19:45:00+00:00,2026-03-25T20:00:00+00:00,2026-03-25,56.65,ENTRY_FORMING,STRONG START,91.0,61.0,0.0,HOLDOUT,RBLX,RBLX-0037
2026-03-26T16:00:00+00:00,2026-03-26T16:15:00+00:00,2026-03-26,54.76,THESIS_PRESSURE,FAIL (any severity),4.0,0.0,7.0,HOLDOUT,RBLX,RBLX-0038
2026-03-26T18:00:00+00:00,2026-03-26T18:15:00+00:00,2026-03-26,44.99,THESIS_PRESSURE,FAIL TEST,36.0,17.0,5.0,HOLDOUT,PYPL,PYPL-0037
2026-03-30T18:15:00+00:00,2026-03-30T18:30:00+00:00,2026-03-30,22.255,THESIS_PRESSURE,FAIL TEST,3.0,0.0,9.0,HOLDOUT,GME,GME-0038
2026-03-31T18:45:00+00:00,2026-03-31T19:00:00+00:00,2026-03-31,57.07,RISK_OR_EXHAUSTION,MANAGE,76.0,50.0,0.0,HOLDOUT,RBLX,RBLX-0039
2026-03-31T19:30:00+00:00,2026-03-31T19:45:00+00:00,2026-03-31,23.015,CONTINUATION,ADD,90.0,71.0,0.0,HOLDOUT,GME,GME-0039
2026-04-02T19:45:00+00:00,2026-04-02T20:00:00+00:00,2026-04-02,45.35,ENTRY_FORMING,STRONG START,100.0,67.0,0.0,HOLDOUT,PYPL,PYPL-0038
2026-04-02T19:45:00+00:00,2026-04-02T20:00:00+00:00,2026-04-02,60.1,CONTINUATION,ADD,100.0,81.0,0.0,HOLDOUT,RBLX,RBLX-0040
2026-04-06T19:45:00+00:00,2026-04-06T20:00:00+00:00,2026-04-06,156.19,ENTRY_FORMING,STRONG START,95.0,65.0,0.0,HOLDOUT,LULU,LULU-0039
2026-04-06T19:45:00+00:00,2026-04-06T20:00:00+00:00,2026-04-06,16.145,ENTRY_FORMING,STRONG START,28.0,19.0,9.0,HOLDOUT,VALE,VALE-0037
2026-04-07T15:30:00+00:00,2026-04-07T15:45:00+00:00,2026-04-07,16.035,THESIS_PRESSURE,FAIL TEST,2.0,0.0,12.0,HOLDOUT,VALE,VALE-0038
2026-04-08T13:30:00+00:00,2026-04-08T13:45:00+00:00,2026-04-08,16.7,CONTINUATION,RELOAD,37.0,29.0,6.0,HOLDOUT,VALE,VALE-0039
2026-04-09T19:30:00+00:00,2026-04-09T19:45:00+00:00,2026-04-09,680.38,CONTINUATION,ADD,100.0,81.0,0.0,HOLDOUT,SPY,SPY-0039
2026-04-10T19:00:00+00:00,2026-04-10T19:15:00+00:00,2026-04-10,45.34,CONTINUATION,RELOAD,2.0,20.0,0.0,HOLDOUT,PYPL,PYPL-0039
2026-04-10T19:45:00+00:00,2026-04-10T20:00:00+00:00,2026-04-10,21.615,ENTRY_FORMING,STRONG START,87.0,61.0,0.0,HOLDOUT,U,U-0038
2026-04-13T14:15:00+00:00,2026-04-13T14:30:00+00:00,2026-04-13,17.165,RISK_OR_EXHAUSTION,PEAK,100.0,89.0,0.0,HOLDOUT,VALE,VALE-0040
2026-04-14T14:00:00+00:00,2026-04-14T14:15:00+00:00,2026-04-14,23.7217,RISK_OR_EXHAUSTION,MANAGE,93.0,76.0,0.0,HOLDOUT,GME,GME-0040
2026-04-15T19:30:00+00:00,2026-04-15T19:45:00+00:00,2026-04-15,699.52,RISK_OR_EXHAUSTION,PEAK,97.0,76.0,0.0,HOLDOUT,SPY,SPY-0040
2026-04-17T15:00:00+00:00,2026-04-17T15:15:00+00:00,2026-04-17,404.825,RISK_OR_EXHAUSTION,MANAGE|PEAK,95.0,82.0,0.0,HOLDOUT,TSLA,TSLA-0040
2026-04-20T15:30:00+00:00,2026-04-20T15:45:00+00:00,2026-04-20,25.935,CONTINUATION,RELOAD,87.0,60.0,0.0,HOLDOUT,U,U-0039
2026-04-21T13:45:00+00:00,2026-04-21T14:00:00+00:00,2026-04-21,51.98,RISK_OR_EXHAUSTION,MANAGE,95.0,83.0,0.0,HOLDOUT,PYPL,PYPL-0040
2026-04-24T19:15:00+00:00,2026-04-24T19:30:00+00:00,2026-04-24,25.89,RISK_OR_EXHAUSTION,MANAGE,38.0,36.0,5.0,HOLDOUT,U,U-0040
2026-04-30T19:00:00+00:00,2026-04-30T19:15:00+00:00,2026-04-30,56.375,ENTRY_FORMING,STRONG START,92.0,62.0,0.0,HOLDOUT,RBLX,RBLX-0041
2026-05-01T19:00:00+00:00,2026-05-01T19:15:00+00:00,2026-05-01,26.74,RISK_OR_EXHAUSTION,MANAGE,91.0,60.0,0.0,HOLDOUT,GME,GME-0041
2026-05-06T14:15:00+00:00,2026-05-06T14:30:00+00:00,2026-05-06,730.02,RISK_OR_EXHAUSTION,MANAGE,93.0,71.0,0.0,HOLDOUT,SPY,SPY-0041
2026-05-19T16:30:00+00:00,2026-05-19T16:45:00+00:00,2026-05-19,119.6,THESIS_PRESSURE,FAIL (any severity),1.0,0.0,13.0,HOLDOUT,LULU,LULU-0040
2026-05-19T19:45:00+00:00,2026-05-19T20:00:00+00:00,2026-05-19,22.105,CONTINUATION,ADD,30.0,28.0,7.0,HOLDOUT,GME,GME-0042
2026-05-20T19:45:00+00:00,2026-05-20T20:00:00+00:00,2026-05-20,44.38,ENTRY_FORMING,STRONG START,87.0,61.0,0.0,HOLDOUT,PYPL,PYPL-0041
2026-05-21T17:15:00+00:00,2026-05-21T17:30:00+00:00,2026-05-21,742.15,CONTINUATION,ADD,62.0,55.0,5.0,HOLDOUT,SPY,SPY-0042
2026-05-22T18:15:00+00:00,2026-05-22T18:30:00+00:00,2026-05-22,48.03,RISK_OR_EXHAUSTION,PEAK,95.0,76.0,0.0,HOLDOUT,RBLX,RBLX-0042
2026-05-26T18:30:00+00:00,2026-05-26T18:45:00+00:00,2026-05-26,22.045,THESIS_PRESSURE,FAIL TEST,0.0,0.0,18.0,HOLDOUT,GME,GME-0043
2026-05-26T19:30:00+00:00,2026-05-26T19:45:00+00:00,2026-05-26,433.23,CONTINUATION,ADD,97.0,92.0,0.0,HOLDOUT,TSLA,TSLA-0041
2026-05-27T13:45:00+00:00,2026-05-27T14:00:00+00:00,2026-05-27,133.03,RISK_OR_EXHAUSTION,MANAGE|PEAK,94.0,84.0,0.0,HOLDOUT,LULU,LULU-0041
2026-05-27T14:45:00+00:00,2026-05-27T15:00:00+00:00,2026-05-27,441.925,RISK_OR_EXHAUSTION,PEAK,100.0,97.0,0.0,HOLDOUT,TSLA,TSLA-0042
2026-05-27T16:00:00+00:00,2026-05-27T16:15:00+00:00,2026-05-27,43.865,THESIS_PRESSURE,FAIL (any severity),17.0,1.0,5.0,HOLDOUT,PYPL,PYPL-0042
2026-05-28T17:00:00+00:00,2026-05-28T17:15:00+00:00,2026-05-28,16.615,CONTINUATION,ADD,97.0,74.0,0.0,HOLDOUT,VALE,VALE-0041
2026-06-01T19:15:00+00:00,2026-06-01T19:30:00+00:00,2026-06-01,32.37,RISK_OR_EXHAUSTION,PEAK,94.0,79.0,0.0,HOLDOUT,U,U-0041
2026-06-02T14:45:00+00:00,2026-06-02T15:00:00+00:00,2026-06-02,16.845,RISK_OR_EXHAUSTION,MANAGE,87.0,57.0,0.0,HOLDOUT,VALE,VALE-0042
2026-06-02T16:00:00+00:00,2026-06-02T16:15:00+00:00,2026-06-02,30.91,THESIS_PRESSURE,FAIL (any severity),1.0,0.0,11.0,HOLDOUT,U,U-0042
2026-06-08T17:30:00+00:00,2026-06-08T17:45:00+00:00,2026-06-08,21.97,ENTRY_FORMING,STRONG START,96.0,62.0,0.0,HOLDOUT,GME,GME-0044
2026-06-08T19:45:00+00:00,2026-06-08T20:00:00+00:00,2026-06-08,117.47,ENTRY_FORMING,STRONG START,90.0,59.0,0.0,HOLDOUT,LULU,LULU-0042
2026-06-08T19:45:00+00:00,2026-06-08T20:00:00+00:00,2026-06-08,409.05,ENTRY_FORMING,STRONG START,89.0,59.0,0.0,HOLDOUT,TSLA,TSLA-0043
2026-06-09T13:45:00+00:00,2026-06-09T14:00:00+00:00,2026-06-09,744.38,ENTRY_FORMING,STRONG START,75.0,49.0,0.0,HOLDOUT,SPY,SPY-0043
2026-06-09T15:30:00+00:00,2026-06-09T15:45:00+00:00,2026-06-09,394.65,THESIS_PRESSURE,FAIL TEST,11.0,2.0,5.0,HOLDOUT,TSLA,TSLA-0044
2026-06-09T16:00:00+00:00,2026-06-09T16:15:00+00:00,2026-06-09,728.55,THESIS_PRESSURE,FAIL TEST,1.0,0.0,9.0,HOLDOUT,SPY,SPY-0044
2026-06-11T13:30:00+00:00,2026-06-11T13:45:00+00:00,2026-06-11,15.02,ENTRY_FORMING,STRONG START,77.0,53.0,0.0,HOLDOUT,VALE,VALE-0043
2026-06-18T19:15:00+00:00,2026-06-18T19:30:00+00:00,2026-06-18,27.175,ENTRY_FORMING,STRONG START,84.0,56.0,0.0,HOLDOUT,U,U-0043
2026-06-22T14:45:00+00:00,2026-06-22T15:00:00+00:00,2026-06-22,47.275,THESIS_PRESSURE,FAIL TEST,17.0,6.0,6.0,HOLDOUT,RBLX,RBLX-0043
2026-06-22T17:15:00+00:00,2026-06-22T17:30:00+00:00,2026-06-22,26.835,CONTINUATION,RELOAD,20.0,23.0,0.0,HOLDOUT,U,U-0044
2026-06-22T19:45:00+00:00,2026-06-22T20:00:00+00:00,2026-06-22,47.32,CONTINUATION,RELOAD,23.0,30.0,0.0,HOLDOUT,RBLX,RBLX-0044
2026-06-24T18:30:00+00:00,2026-06-24T18:45:00+00:00,2026-06-24,112.63,CONTINUATION,ADD,94.0,70.0,0.0,HOLDOUT,LULU,LULU-0043
2026-06-29T14:00:00+00:00,2026-06-29T14:15:00+00:00,2026-06-29,14.87,THESIS_PRESSURE,FAIL (any severity),2.0,0.0,10.0,HOLDOUT,VALE,VALE-0044
2026-06-29T15:30:00+00:00,2026-06-29T15:45:00+00:00,2026-06-29,44.21,CONTINUATION,ADD,97.0,78.0,0.0,HOLDOUT,PYPL,PYPL-0043
2026-07-01T15:15:00+00:00,2026-07-01T15:30:00+00:00,2026-07-01,58.22,RISK_OR_EXHAUSTION,MANAGE,89.0,74.0,0.0,HOLDOUT,RBLX,RBLX-0045
2026-07-10T13:45:00+00:00,2026-07-10T14:00:00+00:00,2026-07-10,46.29,RISK_OR_EXHAUSTION,MANAGE,92.0,72.0,0.0,HOLDOUT,PYPL,PYPL-0044
2026-07-15T14:00:00+00:00,2026-07-15T14:15:00+00:00,2026-07-15,22.545,RISK_OR_EXHAUSTION,PEAK,96.0,80.0,0.0,HOLDOUT,GME,GME-0045
2026-07-24T19:15:00+00:00,2026-07-24T19:30:00+00:00,2026-07-24,14.8499,ENTRY_FORMING,CAMPAIGN START,98.0,66.0,0.0,HOLDOUT,VALE,VALE-0045
2026-07-28T13:45:00+00:00,2026-07-28T14:00:00+00:00,2026-07-28,120.065,RISK_OR_EXHAUSTION,MANAGE,95.0,73.0,0.0,HOLDOUT,LULU,LULU-0044
2026-07-28T19:45:00+00:00,2026-07-28T20:00:00+00:00,2026-07-28,22.16,CONTINUATION,ADD,98.0,81.0,0.0,HOLDOUT,GME,GME-0046
2026-07-30T19:00:00+00:00,2026-07-30T19:15:00+00:00,2026-07-30,742.07,CONTINUATION,ADD,43.0,29.0,6.0,HOLDOUT,SPY,SPY-0045
2026-07-31T15:00:00+00:00,2026-07-31T15:15:00+00:00,2026-07-31,15.045,RISK_OR_EXHAUSTION,PEAK,96.0,80.0,0.0,HOLDOUT,VALE,VALE-0046
2026-07-31T17:00:00+00:00,2026-07-31T17:15:00+00:00,2026-07-31,31.59,THESIS_PRESSURE,FAIL TEST,0.0,0.0,15.0,HOLDOUT,U,U-0045
2026-07-31T19:45:00+00:00,2026-07-31T20:00:00+00:00,2026-07-31,311.11,ENTRY_FORMING,STRONG START,94.0,61.0,0.0,HOLDOUT,TSLA,TSLA-0045
2026-08-03T19:30:00+00:00,2026-08-03T19:45:00+00:00,2026-08-03,758.07,RISK_OR_EXHAUSTION,MANAGE,91.0,67.0,0.0,HOLDOUT,SPY,SPY-0046
2026-08-04T15:45:00+00:00,2026-08-04T16:00:00+00:00,2026-08-04,37.985,CONTINUATION,RELOAD,78.0,51.0,0.0,HOLDOUT,RBLX,RBLX-0046
2026-08-04T19:00:00+00:00,2026-08-04T19:15:00+00:00,2026-08-04,37.5439,THESIS_PRESSURE,FAIL (any severity),15.0,0.0,13.0,HOLDOUT,RBLX,RBLX-0047
2026-08-05T19:15:00+00:00,2026-08-05T19:30:00+00:00,2026-08-05,57.945,THESIS_PRESSURE,FAIL (any severity),0.0,0.0,13.0,HOLDOUT,PYPL,PYPL-0045
2026-08-06T14:00:00+00:00,2026-08-06T14:15:00+00:00,2026-08-06,39.18,RISK_OR_EXHAUSTION,MANAGE,27.0,30.0,7.0,HOLDOUT,U,U-0046
2026-08-06T18:30:00+00:00,2026-08-06T18:45:00+00:00,2026-08-06,59.345,CONTINUATION,ADD,99.0,79.0,0.0,HOLDOUT,PYPL,PYPL-0046
2026-08-06T18:30:00+00:00,2026-08-06T18:45:00+00:00,2026-08-06,318.56,THESIS_PRESSURE,FAIL (any severity),0.0,0.0,14.0,HOLDOUT,TSLA,TSLA-0046
2026-08-07T14:15:00+00:00,2026-08-07T14:30:00+00:00,2026-08-07,59.85,RISK_OR_EXHAUSTION,PEAK,89.0,73.0,0.0,HOLDOUT,PYPL,PYPL-0047
2026-08-07T14:30:00+00:00,2026-08-07T14:45:00+00:00,2026-08-07,36.95,ENTRY_FORMING,STRONG START,90.0,60.0,0.0,HOLDOUT,RBLX,RBLX-0048
2026-08-07T19:00:00+00:00,2026-08-07T19:15:00+00:00,2026-08-07,772.9,ENTRY_FORMING,STRONG START,96.0,72.0,0.0,HOLDOUT,SPY,SPY-0047
2026-08-07T19:30:00+00:00,2026-08-07T19:45:00+00:00,2026-08-07,128.39,RISK_OR_EXHAUSTION,PEAK,100.0,85.0,0.0,HOLDOUT,LULU,LULU-0045
2026-08-10T13:45:00+00:00,2026-08-10T14:00:00+00:00,2026-08-10,19.185,ENTRY_FORMING,STRONG START,89.0,57.0,0.0,HOLDOUT,GME,GME-0047
2026-08-10T13:45:00+00:00,2026-08-10T14:00:00+00:00,2026-08-10,42.5301,ENTRY_FORMING,IGNITION,100.0,76.0,0.0,HOLDOUT,U,U-0047
2026-08-10T17:00:00+00:00,2026-08-10T17:15:00+00:00,2026-08-10,19.0098,THESIS_PRESSURE,FAIL (any severity),14.0,1.0,5.0,HOLDOUT,GME,GME-0048
2026-08-10T17:45:00+00:00,2026-08-10T18:00:00+00:00,2026-08-10,14.825,CONTINUATION,ADD,58.0,47.0,4.0,HOLDOUT,VALE,VALE-0047
2026-08-10T19:30:00+00:00,2026-08-10T19:45:00+00:00,2026-08-10,127.93,ENTRY_FORMING,STRONG START,100.0,67.0,0.0,HOLDOUT,LULU,LULU-0046
2026-08-11T14:30:00+00:00,2026-08-11T14:45:00+00:00,2026-08-11,334.97,RISK_OR_EXHAUSTION,MANAGE,92.0,77.0,0.0,HOLDOUT,TSLA,TSLA-0047
2026-08-11T16:15:00+00:00,2026-08-11T16:30:00+00:00,2026-08-11,125.48,THESIS_PRESSURE,FAIL (any severity),0.0,0.0,12.0,HOLDOUT,LULU,LULU-0047
2026-08-11T16:30:00+00:00,2026-08-11T16:45:00+00:00,2026-08-11,14.425,THESIS_PRESSURE,FAIL (any severity),0.0,0.0,11.0,HOLDOUT,VALE,VALE-0048
2026-08-11T16:45:00+00:00,2026-08-11T17:00:00+00:00,2026-08-11,771.14,THESIS_PRESSURE,FAIL (any severity),7.0,0.0,8.0,HOLDOUT,SPY,SPY-0048
2026-08-11T18:15:00+00:00,2026-08-11T18:30:00+00:00,2026-08-11,125.75,CONTINUATION,RELOAD,23.0,30.0,0.0,HOLDOUT,LULU,LULU-0048
2026-08-11T19:30:00+00:00,2026-08-11T19:45:00+00:00,2026-08-11,59.11,ENTRY_FORMING,STRONG START,90.0,63.0,0.0,HOLDOUT,PYPL,PYPL-0048
2026-08-11T19:30:00+00:00,2026-08-11T19:45:00+00:00,2026-08-11,332.27,CONTINUATION,ADD,96.0,79.0,0.0,HOLDOUT,TSLA,TSLA-0048
2026-08-11T19:30:00+00:00,2026-08-11T19:45:00+00:00,2026-08-11,43.64,CONTINUATION,ADD,100.0,82.0,0.0,HOLDOUT,U,U-0048
