anchor_id,ticker,contract_type,strike,expiration,dte_target,moneyness_target,partition,event_family,decision_available_utc,signal_bar_open_utc,coverage_before,coverage_at,coverage_after,left_censored,signal_bar_exists,bar_count,moneyness_pct,dte,window,underlying_bars_forward,cutoff_time_ms,censor_reason,right_censored,observed_bars,decision_close,next_bar_open,decision_to_next_open_gap_pct,mfe_pct,mae_pct,terminal_return_pct,bars_to_peak,bars_to_trough,peak_to_terminal_giveback_pct,gain_retention,decision_close_mfe_pct,decision_close_mae_pct,peak_before_trough,outcome_status
AMC15-001,O:AMC240906C00005000,CALL,5.0,2024-09-06,14,0.0,DISCOVERY,CONTINUATION,2024-08-23T15:30:00+00:00,2024-08-23T15:15:00+00:00,108,1,248,False,True,357,0.4579999999999984,14,H1,4,1724429700000,,False,4,0.22,0.21,-4.545454545454552,9.523809523809534,-9.523809523809524,0.0,4,1,-8.695652173913048,0.0,4.545454545454541,-13.636363636363635,False,SCORED_WINDOW
AMC15-001,O:AMC240906C00005000,CALL,5.0,2024-09-06,14,0.0,DISCOVERY,CONTINUATION,2024-08-23T15:30:00+00:00,2024-08-23T15:15:00+00:00,108,1,248,False,True,357,0.4579999999999984,14,D1,26,1724685300000,,False,26,0.22,0.21,-4.545454545454552,76.19047619047619,-9.523809523809524,19.047619047619047,20,1,-32.432432432432435,0.25,68.18181818181819,-13.636363636363635,False,SCORED_WINDOW
AMC15-001,O:AMC240906C00005000,CALL,5.0,2024-09-06,14,0.0,DISCOVERY,CONTINUATION,2024-08-23T15:30:00+00:00,2024-08-23T15:15:00+00:00,108,1,248,False,True,357,0.4579999999999984,14,D3,78,1724858100000,,False,74,0.22,0.21,-4.545454545454552,76.19047619047619,-42.85714285714286,-38.095238095238095,20,72,-64.86486486486487,-0.5,68.18181818181819,-45.45454545454546,True,SCORED_WINDOW
AMC15-001,O:AMC240906C00005000,CALL,5.0,2024-09-06,14,0.0,DISCOVERY,CONTINUATION,2024-08-23T15:30:00+00:00,2024-08-23T15:15:00+00:00,108,1,248,False,True,357,0.4579999999999984,14,D5,130,1725030900000,,False,126,0.22,0.21,-4.545454545454552,76.19047619047619,-52.38095238095237,-47.61904761904761,20,122,-70.27027027027026,-0.6249999999999999,68.18181818181819,-54.54545454545454,True,SCORED_WINDOW
AMC15-001,O:AMC240906C00005000,CALL,5.0,2024-09-06,14,0.0,DISCOVERY,CONTINUATION,2024-08-23T15:30:00+00:00,2024-08-23T15:15:00+00:00,108,1,248,False,True,357,0.4579999999999984,14,D10,260,1725894900000,CONTRACT_EXPIRY,True,248,0.22,0.21,-4.545454545454552,76.19047619047619,-95.23809523809523,-95.23809523809523,20,225,-97.2972972972973,-1.2499999999999998,68.18181818181819,-95.45454545454545,True,SCORED_RIGHT_CENSORED
AMC15-001,O:AMC240920C00005000,CALL,5.0,2024-09-20,30,0.0,DISCOVERY,CONTINUATION,2024-08-23T15:30:00+00:00,2024-08-23T15:15:00+00:00,132,1,374,False,True,507,0.4579999999999984,28,H1,4,1724429700000,,False,4,0.31,0.32,3.2258064516129004,6.25,-6.25,0.0,4,3,-5.882352941176472,0.0,9.677419354838722,-3.2258064516129115,False,SCORED_WINDOW
AMC15-001,O:AMC240920C00005000,CALL,5.0,2024-09-20,30,0.0,DISCOVERY,CONTINUATION,2024-08-23T15:30:00+00:00,2024-08-23T15:15:00+00:00,132,1,374,False,True,507,0.4579999999999984,28,D1,26,1724685300000,,False,25,0.31,0.32,3.2258064516129004,53.125,-6.25,15.625,19,3,-24.489795918367353,0.29411764705882354,58.06451612903225,-3.2258064516129115,False,SCORED_WINDOW
AMC15-001,O:AMC240920C00005000,CALL,5.0,2024-09-20,30,0.0,DISCOVERY,CONTINUATION,2024-08-23T15:30:00+00:00,2024-08-23T15:15:00+00:00,132,1,374,False,True,507,0.4579999999999984,28,D3,78,1724858100000,,False,73,0.31,0.32,3.2258064516129004,53.125,-50.0,-15.625,19,66,-44.897959183673464,-0.29411764705882354,58.06451612903225,-48.38709677419355,True,SCORED_WINDOW
AMC15-001,O:AMC240920C00005000,CALL,5.0,2024-09-20,30,0.0,DISCOVERY,CONTINUATION,2024-08-23T15:30:00+00:00,2024-08-23T15:15:00+00:00,132,1,374,False,True,507,0.4579999999999984,28,D5,130,1725030900000,,False,123,0.31,0.32,3.2258064516129004,53.125,-50.0,-21.875,19,66,-48.97959183673469,-0.4117647058823529,58.06451612903225,-48.38709677419355,True,SCORED_WINDOW
AMC15-001,O:AMC240920C00005000,CALL,5.0,2024-09-20,30,0.0,DISCOVERY,CONTINUATION,2024-08-23T15:30:00+00:00,2024-08-23T15:15:00+00:00,132,1,374,False,True,507,0.4579999999999984,28,D10,260,1725894900000,,False,252,0.31,0.32,3.2258064516129004,53.125,-53.125,-6.25,19,225,-38.775510204081634,-0.11764705882352941,58.06451612903225,-51.61290322580645,True,SCORED_WINDOW
AMC15-001,O:AMC240906P00005000,PUT,5.0,2024-09-06,14,0.0,DISCOVERY,CONTINUATION,2024-08-23T15:30:00+00:00,2024-08-23T15:15:00+00:00,69,0,232,False,False,301,-0.4579999999999984,14,H1,4,1724429700000,,False,,,,,,,,,,,,,,,UNSCORED_SIGNAL_BAR_ABSENT
AMC15-001,O:AMC240906P00005000,PUT,5.0,2024-09-06,14,0.0,DISCOVERY,CONTINUATION,2024-08-23T15:30:00+00:00,2024-08-23T15:15:00+00:00,69,0,232,False,False,301,-0.4579999999999984,14,D1,26,1724685300000,,False,,,,,,,,,,,,,,,UNSCORED_SIGNAL_BAR_ABSENT
AMC15-001,O:AMC240906P00005000,PUT,5.0,2024-09-06,14,0.0,DISCOVERY,CONTINUATION,2024-08-23T15:30:00+00:00,2024-08-23T15:15:00+00:00,69,0,232,False,False,301,-0.4579999999999984,14,D3,78,1724858100000,,False,,,,,,,,,,,,,,,UNSCORED_SIGNAL_BAR_ABSENT
AMC15-001,O:AMC240906P00005000,PUT,5.0,2024-09-06,14,0.0,DISCOVERY,CONTINUATION,2024-08-23T15:30:00+00:00,2024-08-23T15:15:00+00:00,69,0,232,False,False,301,-0.4579999999999984,14,D5,130,1725030900000,,False,,,,,,,,,,,,,,,UNSCORED_SIGNAL_BAR_ABSENT
AMC15-001,O:AMC240906P00005000,PUT,5.0,2024-09-06,14,0.0,DISCOVERY,CONTINUATION,2024-08-23T15:30:00+00:00,2024-08-23T15:15:00+00:00,69,0,232,False,False,301,-0.4579999999999984,14,D10,260,1725894900000,CONTRACT_EXPIRY,True,,,,,,,,,,,,,,,UNSCORED_SIGNAL_BAR_ABSENT
AMC15-001,O:AMC240920P00005000,PUT,5.0,2024-09-20,30,0.0,DISCOVERY,CONTINUATION,2024-08-23T15:30:00+00:00,2024-08-23T15:15:00+00:00,78,0,280,False,False,358,-0.4579999999999984,28,H1,4,1724429700000,,False,,,,,,,,,,,,,,,UNSCORED_SIGNAL_BAR_ABSENT
AMC15-001,O:AMC240920P00005000,PUT,5.0,2024-09-20,30,0.0,DISCOVERY,CONTINUATION,2024-08-23T15:30:00+00:00,2024-08-23T15:15:00+00:00,78,0,280,False,False,358,-0.4579999999999984,28,D1,26,1724685300000,,False,,,,,,,,,,,,,,,UNSCORED_SIGNAL_BAR_ABSENT
AMC15-001,O:AMC240920P00005000,PUT,5.0,2024-09-20,30,0.0,DISCOVERY,CONTINUATION,2024-08-23T15:30:00+00:00,2024-08-23T15:15:00+00:00,78,0,280,False,False,358,-0.4579999999999984,28,D3,78,1724858100000,,False,,,,,,,,,,,,,,,UNSCORED_SIGNAL_BAR_ABSENT
AMC15-001,O:AMC240920P00005000,PUT,5.0,2024-09-20,30,0.0,DISCOVERY,CONTINUATION,2024-08-23T15:30:00+00:00,2024-08-23T15:15:00+00:00,78,0,280,False,False,358,-0.4579999999999984,28,D5,130,1725030900000,,False,,,,,,,,,,,,,,,UNSCORED_SIGNAL_BAR_ABSENT
AMC15-001,O:AMC240920P00005000,PUT,5.0,2024-09-20,30,0.0,DISCOVERY,CONTINUATION,2024-08-23T15:30:00+00:00,2024-08-23T15:15:00+00:00,78,0,280,False,False,358,-0.4579999999999984,28,D10,260,1725894900000,,False,,,,,,,,,,,,,,,UNSCORED_SIGNAL_BAR_ABSENT
AMC15-002,O:AMC240906C00005000,CALL,5.0,2024-09-06,14,0.0,DISCOVERY,RISK_OR_EXHAUSTION,2024-08-26T14:00:00+00:00,2024-08-26T13:45:00+00:00,128,1,228,False,True,357,3.401999999999994,11,H1,4,1724683500000,,False,4,0.33,0.32,-3.0303030303030276,12.5,-25.0,-6.25,1,2,-16.666666666666664,-0.5,9.090909090909083,-27.27272727272728,True,SCORED_WINDOW
AMC15-002,O:AMC240906C00005000,CALL,5.0,2024-09-06,14,0.0,DISCOVERY,RISK_OR_EXHAUSTION,2024-08-26T14:00:00+00:00,2024-08-26T13:45:00+00:00,128,1,228,False,True,357,3.401999999999994,11,D1,26,1724766300000,,False,26,0.33,0.32,-3.0303030303030276,12.5,-31.25,-31.25,1,25,-38.888888888888886,-2.5,9.090909090909083,-33.333333333333336,True,SCORED_WINDOW
AMC15-002,O:AMC240906C00005000,CALL,5.0,2024-09-06,14,0.0,DISCOVERY,RISK_OR_EXHAUSTION,2024-08-26T14:00:00+00:00,2024-08-26T13:45:00+00:00,128,1,228,False,True,357,3.401999999999994,11,D3,78,1724939100000,,False,74,0.33,0.32,-3.0303030303030276,12.5,-65.625,-62.5,1,69,-66.66666666666667,-5.0,9.090909090909083,-66.66666666666667,True,SCORED_WINDOW
AMC15-002,O:AMC240906C00005000,CALL,5.0,2024-09-06,14,0.0,DISCOVERY,RISK_OR_EXHAUSTION,2024-08-26T14:00:00+00:00,2024-08-26T13:45:00+00:00,128,1,228,False,True,357,3.401999999999994,11,D5,130,1725371100000,,False,126,0.33,0.32,-3.0303030303030276,12.5,-78.125,-75.0,1,125,-77.77777777777779,-6.0,9.090909090909083,-78.78787878787878,True,SCORED_WINDOW
AMC15-002,O:AMC240906C00005000,CALL,5.0,2024-09-06,14,0.0,DISCOVERY,RISK_OR_EXHAUSTION,2024-08-26T14:00:00+00:00,2024-08-26T13:45:00+00:00,128,1,228,False,True,357,3.401999999999994,11,D10,260,1725975900000,CONTRACT_EXPIRY,True,228,0.33,0.32,-3.0303030303030276,12.5,-96.875,-96.875,1,205,-97.22222222222221,-7.75,9.090909090909083,-96.96969696969697,True,SCORED_RIGHT_CENSORED
AMC15-002,O:AMC240927C00005000,CALL,5.0,2024-09-27,30,0.0,DISCOVERY,RISK_OR_EXHAUSTION,2024-08-26T14:00:00+00:00,2024-08-26T13:45:00+00:00,66,1,322,False,True,389,3.401999999999994,32,H1,4,1724683500000,,False,4,0.48,0.51,6.25,0.0,-17.647058823529417,-5.882352941176472,1,3,-5.882352941176472,,6.25,-12.5,True,SCORED_WINDOW
AMC15-002,O:AMC240927C00005000,CALL,5.0,2024-09-27,30,0.0,DISCOVERY,RISK_OR_EXHAUSTION,2024-08-26T14:00:00+00:00,2024-08-26T13:45:00+00:00,66,1,322,False,True,389,3.401999999999994,32,D1,26,1724766300000,,False,13,0.48,0.51,6.25,0.0,-27.450980392156865,-21.568627450980394,1,9,-21.568627450980394,,6.25,-22.916666666666664,True,SCORED_WINDOW
AMC15-002,O:AMC240927C00005000,CALL,5.0,2024-09-27,30,0.0,DISCOVERY,RISK_OR_EXHAUSTION,2024-08-26T14:00:00+00:00,2024-08-26T13:45:00+00:00,66,1,322,False,True,389,3.401999999999994,32,D3,78,1724939100000,,False,47,0.48,0.51,6.25,0.0,-49.01960784313726,-43.13725490196079,1,29,-43.13725490196079,,6.25,-45.83333333333333,True,SCORED_WINDOW
AMC15-002,O:AMC240927C00005000,CALL,5.0,2024-09-27,30,0.0,DISCOVERY,RISK_OR_EXHAUSTION,2024-08-26T14:00:00+00:00,2024-08-26T13:45:00+00:00,66,1,322,False,True,389,3.401999999999994,32,D5,130,1725371100000,,False,89,0.48,0.51,6.25,0.0,-50.98039215686274,-43.13725490196079,1,88,-43.13725490196079,,6.25,-47.916666666666664,True,SCORED_WINDOW
AMC15-002,O:AMC240927C00005000,CALL,5.0,2024-09-27,30,0.0,DISCOVERY,RISK_OR_EXHAUSTION,2024-08-26T14:00:00+00:00,2024-08-26T13:45:00+00:00,66,1,322,False,True,389,3.401999999999994,32,D10,260,1725975900000,,False,203,0.48,0.51,6.25,0.0,-60.7843137254902,-35.29411764705882,1,153,-35.29411764705882,,6.25,-58.33333333333333,True,SCORED_WINDOW
AMC15-002,O:AMC240906P00005000,PUT,5.0,2024-09-06,14,0.0,DISCOVERY,RISK_OR_EXHAUSTION,2024-08-26T14:00:00+00:00,2024-08-26T13:45:00+00:00,85,1,215,False,True,301,-3.401999999999994,11,H1,4,1724683500000,,False,4,0.12,0.14,16.666666666666675,28.57142857142856,-21.42857142857143,7.14285714285714,3,1,-16.666666666666664,0.25,50.0,-8.333333333333325,False,SCORED_WINDOW
AMC15-002,O:AMC240906P00005000,PUT,5.0,2024-09-06,14,0.0,DISCOVERY,RISK_OR_EXHAUSTION,2024-08-26T14:00:00+00:00,2024-08-26T13:45:00+00:00,85,1,215,False,True,301,-3.401999999999994,11,D1,26,1724766300000,,False,26,0.12,0.14,16.666666666666675,28.57142857142856,-21.42857142857143,21.42857142857142,3,1,-5.5555555555555465,0.75,50.0,-8.333333333333325,False,SCORED_WINDOW
AMC15-002,O:AMC240906P00005000,PUT,5.0,2024-09-06,14,0.0,DISCOVERY,RISK_OR_EXHAUSTION,2024-08-26T14:00:00+00:00,2024-08-26T13:45:00+00:00,85,1,215,False,True,301,-3.401999999999994,11,D3,78,1724939100000,,False,72,0.12,0.14,16.666666666666675,171.4285714285714,-42.85714285714286,128.57142857142856,70,71,-15.789473684210531,0.7500000000000001,216.66666666666669,-33.33333333333333,True,SCORED_WINDOW
AMC15-002,O:AMC240906P00005000,PUT,5.0,2024-09-06,14,0.0,DISCOVERY,RISK_OR_EXHAUSTION,2024-08-26T14:00:00+00:00,2024-08-26T13:45:00+00:00,85,1,215,False,True,301,-3.401999999999994,11,D5,130,1725371100000,,False,120,0.12,0.14,16.666666666666675,171.4285714285714,-42.85714285714286,92.85714285714286,70,71,-28.947368421052634,0.5416666666666669,216.66666666666669,-33.33333333333333,True,SCORED_WINDOW
AMC15-002,O:AMC240906P00005000,PUT,5.0,2024-09-06,14,0.0,DISCOVERY,RISK_OR_EXHAUSTION,2024-08-26T14:00:00+00:00,2024-08-26T13:45:00+00:00,85,1,215,False,True,301,-3.401999999999994,11,D10,260,1725975900000,CONTRACT_EXPIRY,True,215,0.12,0.14,16.666666666666675,199.99999999999994,-64.28571428571428,-64.28571428571428,145,215,-88.09523809523809,-0.32142857142857145,250.0,-58.33333333333333,True,SCORED_RIGHT_CENSORED
AMC15-002,O:AMC240927P00005000,PUT,5.0,2024-09-27,30,0.0,DISCOVERY,RISK_OR_EXHAUSTION,2024-08-26T14:00:00+00:00,2024-08-26T13:45:00+00:00,44,1,190,False,True,235,-3.401999999999994,32,H1,4,1724683500000,,False,3,0.29,0.28,-3.44827586206895,10.714285714285698,-7.142857142857151,10.714285714285698,3,1,0.0,1.0,6.896551724137945,-10.344827586206884,False,SCORED_WINDOW
AMC15-002,O:AMC240927P00005000,PUT,5.0,2024-09-27,30,0.0,DISCOVERY,RISK_OR_EXHAUSTION,2024-08-26T14:00:00+00:00,2024-08-26T13:45:00+00:00,44,1,190,False,True,235,-3.401999999999994,32,D1,26,1724766300000,,False,13,0.29,0.28,-3.44827586206895,24.99999999999998,-7.142857142857151,10.714285714285698,10,1,-11.428571428571422,0.42857142857142827,20.68965517241379,-10.344827586206884,False,SCORED_WINDOW
AMC15-002,O:AMC240927P00005000,PUT,5.0,2024-09-27,30,0.0,DISCOVERY,RISK_OR_EXHAUSTION,2024-08-26T14:00:00+00:00,2024-08-26T13:45:00+00:00,44,1,190,False,True,235,-3.401999999999994,32,D3,78,1724939100000,,False,40,0.29,0.28,-3.44827586206895,82.14285714285714,-7.142857142857151,78.57142857142856,37,1,-1.9607843137254943,0.9565217391304346,75.86206896551727,-10.344827586206884,False,SCORED_WINDOW
AMC15-002,O:AMC240927P00005000,PUT,5.0,2024-09-27,30,0.0,DISCOVERY,RISK_OR_EXHAUSTION,2024-08-26T14:00:00+00:00,2024-08-26T13:45:00+00:00,44,1,190,False,True,235,-3.401999999999994,32,D5,130,1725371100000,,False,59,0.29,0.28,-3.44827586206895,82.14285714285714,-7.142857142857151,71.4285714285714,37,1,-5.882352941176472,0.8695652173913041,75.86206896551727,-10.344827586206884,False,SCORED_WINDOW
AMC15-002,O:AMC240927P00005000,PUT,5.0,2024-09-27,30,0.0,DISCOVERY,RISK_OR_EXHAUSTION,2024-08-26T14:00:00+00:00,2024-08-26T13:45:00+00:00,44,1,190,False,True,235,-3.401999999999994,32,D10,260,1725975900000,,False,114,0.29,0.28,-3.44827586206895,114.28571428571428,-7.142857142857151,21.42857142857142,72,1,-43.33333333333332,0.18749999999999994,106.89655172413795,-10.344827586206884,False,SCORED_WINDOW
AMC15-003,O:AMC240913C00005000,CALL,5.0,2024-09-13,14,0.0,DISCOVERY,ENTRY_FORMING,2024-08-30T18:15:00+00:00,2024-08-30T18:00:00+00:00,116,1,241,False,True,358,-2.2000000000000064,14,H1,4,1725044400000,,False,4,0.22,0.21,-4.545454545454552,4.761904761904767,-23.809523809523803,-9.523809523809524,1,3,-13.636363636363635,-1.9999999999999978,0.0,-27.27272727272727,True,SCORED_WINDOW
AMC15-003,O:AMC240913C00005000,CALL,5.0,2024-09-13,14,0.0,DISCOVERY,ENTRY_FORMING,2024-08-30T18:15:00+00:00,2024-08-30T18:00:00+00:00,116,1,241,False,True,358,-2.2000000000000064,14,D1,26,1725386400000,,False,26,0.22,0.21,-4.545454545454552,4.761904761904767,-42.85714285714286,-28.57142857142857,1,21,-31.818181818181824,-5.999999999999993,0.0,-45.45454545454546,True,SCORED_WINDOW
AMC15-003,O:AMC240913C00005000,CALL,5.0,2024-09-13,14,0.0,DISCOVERY,ENTRY_FORMING,2024-08-30T18:15:00+00:00,2024-08-30T18:00:00+00:00,116,1,241,False,True,358,-2.2000000000000064,14,D3,78,1725559200000,,False,78,0.22,0.21,-4.545454545454552,4.761904761904767,-52.38095238095237,-47.61904761904761,1,55,-50.0,-9.999999999999988,0.0,-54.54545454545454,True,SCORED_WINDOW
AMC15-003,O:AMC240913C00005000,CALL,5.0,2024-09-13,14,0.0,DISCOVERY,ENTRY_FORMING,2024-08-30T18:15:00+00:00,2024-08-30T18:00:00+00:00,116,1,241,False,True,358,-2.2000000000000064,14,D5,130,1725904800000,,False,130,0.22,0.21,-4.545454545454552,28.57142857142858,-61.904761904761905,-23.809523809523803,101,90,-40.74074074074075,-0.8333333333333328,22.72727272727273,-63.63636363636363,False,SCORED_WINDOW
AMC15-003,O:AMC240913C00005000,CALL,5.0,2024-09-13,14,0.0,DISCOVERY,ENTRY_FORMING,2024-08-30T18:15:00+00:00,2024-08-30T18:00:00+00:00,116,1,241,False,True,358,-2.2000000000000064,14,D10,260,1726509600000,CONTRACT_EXPIRY,True,241,0.22,0.21,-4.545454545454552,28.57142857142858,-95.23809523809523,-95.23809523809523,101,225,-96.2962962962963,-3.3333333333333317,22.72727272727273,-95.45454545454545,True,SCORED_RIGHT_CENSORED
AMC15-003,O:AMC240927C00005000,CALL,5.0,2024-09-27,30,0.0,DISCOVERY,ENTRY_FORMING,2024-08-30T18:15:00+00:00,2024-08-30T18:00:00+00:00,147,1,241,False,True,389,-2.2000000000000064,28,H1,4,1725044400000,,False,3,0.33,0.32,-3.0303030303030276,6.25,-6.25,-6.25,1,3,-11.764705882352954,-1.0,3.0303030303030276,-9.090909090909093,True,SCORED_WINDOW
AMC15-003,O:AMC240927C00005000,CALL,5.0,2024-09-27,30,0.0,DISCOVERY,ENTRY_FORMING,2024-08-30T18:15:00+00:00,2024-08-30T18:00:00+00:00,147,1,241,False,True,389,-2.2000000000000064,28,D1,26,1725386400000,,False,24,0.33,0.32,-3.0303030303030276,6.25,-28.125,-15.625,1,19,-20.588235294117652,-2.5,3.0303030303030276,-30.303030303030297,True,SCORED_WINDOW
AMC15-003,O:AMC240927C00005000,CALL,5.0,2024-09-27,30,0.0,DISCOVERY,ENTRY_FORMING,2024-08-30T18:15:00+00:00,2024-08-30T18:00:00+00:00,147,1,241,False,True,389,-2.2000000000000064,28,D3,78,1725559200000,,False,68,0.33,0.32,-3.0303030303030276,6.25,-34.375,-18.75,1,64,-23.529411764705888,-3.0,3.0303030303030276,-36.36363636363637,True,SCORED_WINDOW
AMC15-003,O:AMC240927C00005000,CALL,5.0,2024-09-27,30,0.0,DISCOVERY,ENTRY_FORMING,2024-08-30T18:15:00+00:00,2024-08-30T18:00:00+00:00,147,1,241,False,True,389,-2.2000000000000064,28,D5,130,1725904800000,,False,114,0.33,0.32,-3.0303030303030276,31.25,-37.5,6.25,101,72,-19.047619047619037,0.2,27.27272727272727,-39.39393939393939,False,SCORED_WINDOW
AMC15-003,O:AMC240927C00005000,CALL,5.0,2024-09-27,30,0.0,DISCOVERY,ENTRY_FORMING,2024-08-30T18:15:00+00:00,2024-08-30T18:00:00+00:00,147,1,241,False,True,389,-2.2000000000000064,28,D10,260,1726509600000,,False,234,0.33,0.32,-3.0303030303030276,31.25,-50.0,-43.75,101,227,-57.14285714285714,-1.4,27.27272727272727,-51.515151515151516,True,SCORED_WINDOW
AMC15-003,O:AMC240913P00005000,PUT,5.0,2024-09-13,14,0.0,DISCOVERY,ENTRY_FORMING,2024-08-30T18:15:00+00:00,2024-08-30T18:00:00+00:00,89,0,223,False,False,312,2.2000000000000064,14,H1,4,1725044400000,,False,,,,,,,,,,,,,,,UNSCORED_SIGNAL_BAR_ABSENT
AMC15-003,O:AMC240913P00005000,PUT,5.0,2024-09-13,14,0.0,DISCOVERY,ENTRY_FORMING,2024-08-30T18:15:00+00:00,2024-08-30T18:00:00+00:00,89,0,223,False,False,312,2.2000000000000064,14,D1,26,1725386400000,,False,,,,,,,,,,,,,,,UNSCORED_SIGNAL_BAR_ABSENT
AMC15-003,O:AMC240913P00005000,PUT,5.0,2024-09-13,14,0.0,DISCOVERY,ENTRY_FORMING,2024-08-30T18:15:00+00:00,2024-08-30T18:00:00+00:00,89,0,223,False,False,312,2.2000000000000064,14,D3,78,1725559200000,,False,,,,,,,,,,,,,,,UNSCORED_SIGNAL_BAR_ABSENT
AMC15-003,O:AMC240913P00005000,PUT,5.0,2024-09-13,14,0.0,DISCOVERY,ENTRY_FORMING,2024-08-30T18:15:00+00:00,2024-08-30T18:00:00+00:00,89,0,223,False,False,312,2.2000000000000064,14,D5,130,1725904800000,,False,,,,,,,,,,,,,,,UNSCORED_SIGNAL_BAR_ABSENT
AMC15-003,O:AMC240913P00005000,PUT,5.0,2024-09-13,14,0.0,DISCOVERY,ENTRY_FORMING,2024-08-30T18:15:00+00:00,2024-08-30T18:00:00+00:00,89,0,223,False,False,312,2.2000000000000064,14,D10,260,1726509600000,CONTRACT_EXPIRY,True,,,,,,,,,,,,,,,UNSCORED_SIGNAL_BAR_ABSENT
AMC15-003,O:AMC240927P00005000,PUT,5.0,2024-09-27,30,0.0,DISCOVERY,ENTRY_FORMING,2024-08-30T18:15:00+00:00,2024-08-30T18:00:00+00:00,97,0,138,False,False,235,2.2000000000000064,28,H1,4,1725044400000,,False,,,,,,,,,,,,,,,UNSCORED_SIGNAL_BAR_ABSENT
AMC15-003,O:AMC240927P00005000,PUT,5.0,2024-09-27,30,0.0,DISCOVERY,ENTRY_FORMING,2024-08-30T18:15:00+00:00,2024-08-30T18:00:00+00:00,97,0,138,False,False,235,2.2000000000000064,28,D1,26,1725386400000,,False,,,,,,,,,,,,,,,UNSCORED_SIGNAL_BAR_ABSENT
AMC15-003,O:AMC240927P00005000,PUT,5.0,2024-09-27,30,0.0,DISCOVERY,ENTRY_FORMING,2024-08-30T18:15:00+00:00,2024-08-30T18:00:00+00:00,97,0,138,False,False,235,2.2000000000000064,28,D3,78,1725559200000,,False,,,,,,,,,,,,,,,UNSCORED_SIGNAL_BAR_ABSENT
AMC15-003,O:AMC240927P00005000,PUT,5.0,2024-09-27,30,0.0,DISCOVERY,ENTRY_FORMING,2024-08-30T18:15:00+00:00,2024-08-30T18:00:00+00:00,97,0,138,False,False,235,2.2000000000000064,28,D5,130,1725904800000,,False,,,,,,,,,,,,,,,UNSCORED_SIGNAL_BAR_ABSENT
AMC15-003,O:AMC240927P00005000,PUT,5.0,2024-09-27,30,0.0,DISCOVERY,ENTRY_FORMING,2024-08-30T18:15:00+00:00,2024-08-30T18:00:00+00:00,97,0,138,False,False,235,2.2000000000000064,28,D10,260,1726509600000,,False,,,,,,,,,,,,,,,UNSCORED_SIGNAL_BAR_ABSENT
AMC15-004,O:AMC240920C00005000,CALL,5.0,2024-09-20,14,0.0,DISCOVERY,THESIS_PRESSURE,2024-09-03T14:00:00+00:00,2024-09-03T13:45:00+00:00,275,1,231,False,True,507,-3.9639999999999986,17,H1,4,1725374700000,,False,4,0.23,0.23,0.0,4.347826086956519,-8.695652173913048,0.0,1,1,-4.1666666666666625,0.0,4.347826086956519,-8.695652173913048,False,SCORED_WINDOW
AMC15-004,O:AMC240920C00005000,CALL,5.0,2024-09-20,14,0.0,DISCOVERY,THESIS_PRESSURE,2024-09-03T14:00:00+00:00,2024-09-03T13:45:00+00:00,275,1,231,False,True,507,-3.9639999999999986,17,D1,26,1725457500000,,False,26,0.23,0.23,0.0,8.695652173913038,-26.086956521739125,-8.695652173913048,5,25,-16.000000000000004,-1.0000000000000013,8.695652173913038,-26.086956521739125,True,SCORED_WINDOW
AMC15-004,O:AMC240920C00005000,CALL,5.0,2024-09-20,14,0.0,DISCOVERY,THESIS_PRESSURE,2024-09-03T14:00:00+00:00,2024-09-03T13:45:00+00:00,275,1,231,False,True,507,-3.9639999999999986,17,D3,78,1725630300000,,False,77,0.23,0.23,0.0,8.695652173913038,-30.434782608695656,-17.391304347826086,5,73,-24.0,-2.0000000000000013,8.695652173913038,-30.434782608695656,True,SCORED_WINDOW
AMC15-004,O:AMC240920C00005000,CALL,5.0,2024-09-20,14,0.0,DISCOVERY,THESIS_PRESSURE,2024-09-03T14:00:00+00:00,2024-09-03T13:45:00+00:00,275,1,231,False,True,507,-3.9639999999999986,17,D5,130,1725975900000,,False,129,0.23,0.23,0.0,52.17391304347825,-34.782608695652186,0.0,86,82,-34.28571428571428,0.0,52.17391304347825,-34.782608695652186,False,SCORED_WINDOW
AMC15-004,O:AMC240920C00005000,CALL,5.0,2024-09-20,14,0.0,DISCOVERY,THESIS_PRESSURE,2024-09-03T14:00:00+00:00,2024-09-03T13:45:00+00:00,275,1,231,False,True,507,-3.9639999999999986,17,D10,260,1726580700000,,False,231,0.23,0.23,0.0,52.17391304347825,-52.17391304347827,-43.47826086956522,86,231,-62.857142857142854,-0.8333333333333335,52.17391304347825,-52.17391304347827,True,SCORED_WINDOW
AMC15-004,O:AMC241004C00005000,CALL,5.0,2024-10-04,30,0.0,DISCOVERY,THESIS_PRESSURE,2024-09-03T14:00:00+00:00,2024-09-03T13:45:00+00:00,58,1,332,False,True,391,-3.9639999999999986,31,H1,4,1725374700000,,False,4,0.33,0.31,-6.060606060606066,9.677419354838722,-19.354838709677413,9.677419354838722,4,2,0.0,1.0,3.0303030303030276,-24.242424242424242,False,SCORED_WINDOW
AMC15-004,O:AMC241004C00005000,CALL,5.0,2024-10-04,30,0.0,DISCOVERY,THESIS_PRESSURE,2024-09-03T14:00:00+00:00,2024-09-03T13:45:00+00:00,58,1,332,False,True,391,-3.9639999999999986,31,D1,26,1725457500000,,False,21,0.33,0.31,-6.060606060606066,12.903225806451601,-19.354838709677413,-12.903225806451601,5,2,-22.857142857142843,-1.0,6.060606060606055,-24.242424242424242,False,SCORED_WINDOW
AMC15-004,O:AMC241004C00005000,CALL,5.0,2024-10-04,30,0.0,DISCOVERY,THESIS_PRESSURE,2024-09-03T14:00:00+00:00,2024-09-03T13:45:00+00:00,58,1,332,False,True,391,-3.9639999999999986,31,D3,78,1725630300000,,False,58,0.33,0.31,-6.060606060606066,16.129032258064502,-19.354838709677413,-3.2258064516129115,40,2,-16.666666666666664,-0.20000000000000068,9.090909090909083,-24.242424242424242,False,SCORED_WINDOW
AMC15-004,O:AMC241004C00005000,CALL,5.0,2024-10-04,30,0.0,DISCOVERY,THESIS_PRESSURE,2024-09-03T14:00:00+00:00,2024-09-03T13:45:00+00:00,58,1,332,False,True,391,-3.9639999999999986,31,D5,130,1725975900000,,False,98,0.33,0.31,-6.060606060606066,58.06451612903225,-19.354838709677413,19.354838709677423,83,2,-24.489795918367353,0.3333333333333335,48.484848484848484,-24.242424242424242,False,SCORED_WINDOW
AMC15-004,O:AMC241004C00005000,CALL,5.0,2024-10-04,30,0.0,DISCOVERY,THESIS_PRESSURE,2024-09-03T14:00:00+00:00,2024-09-03T13:45:00+00:00,58,1,332,False,True,391,-3.9639999999999986,31,D10,260,1726580700000,,False,186,0.33,0.31,-6.060606060606066,58.06451612903225,-29.032258064516125,-16.129032258064512,83,186,-46.93877551020408,-0.27777777777777773,48.484848484848484,-33.333333333333336,True,SCORED_WINDOW
AMC15-004,O:AMC240920P00005000,PUT,5.0,2024-09-20,14,0.0,DISCOVERY,THESIS_PRESSURE,2024-09-03T14:00:00+00:00,2024-09-03T13:45:00+00:00,169,1,188,False,True,358,3.9639999999999986,17,H1,4,1725374700000,,False,4,0.41,0.42,2.4390243902439046,4.761904761904767,-2.3809523809523836,0.0,1,4,-4.545454545454552,0.0,7.317073170731714,0.0,True,SCORED_WINDOW
AMC15-004,O:AMC240920P00005000,PUT,5.0,2024-09-20,14,0.0,DISCOVERY,THESIS_PRESSURE,2024-09-03T14:00:00+00:00,2024-09-03T13:45:00+00:00,169,1,188,False,True,358,3.9639999999999986,17,D1,26,1725457500000,,False,19,0.41,0.42,2.4390243902439046,30.952380952380977,-4.761904761904756,16.666666666666675,18,5,-10.909090909090914,0.5384615384615383,34.14634146341464,-2.4390243902438935,False,SCORED_WINDOW
AMC15-004,O:AMC240920P00005000,PUT,5.0,2024-09-20,14,0.0,DISCOVERY,THESIS_PRESSURE,2024-09-03T14:00:00+00:00,2024-09-03T13:45:00+00:00,169,1,188,False,True,358,3.9639999999999986,17,D3,78,1725630300000,,False,47,0.41,0.42,2.4390243902439046,30.952380952380977,-16.666666666666675,2.3809523809523725,18,46,-21.818181818181827,0.0769230769230766,34.14634146341464,-14.634146341463417,True,SCORED_WINDOW
AMC15-004,O:AMC240920P00005000,PUT,5.0,2024-09-20,14,0.0,DISCOVERY,THESIS_PRESSURE,2024-09-03T14:00:00+00:00,2024-09-03T13:45:00+00:00,169,1,188,False,True,358,3.9639999999999986,17,D5,130,1725975900000,,False,94,0.41,0.42,2.4390243902439046,30.952380952380977,-47.61904761904761,-33.33333333333333,18,75,-49.090909090909086,-1.076923076923076,34.14634146341464,-46.34146341463414,True,SCORED_WINDOW
AMC15-004,O:AMC240920P00005000,PUT,5.0,2024-09-20,14,0.0,DISCOVERY,THESIS_PRESSURE,2024-09-03T14:00:00+00:00,2024-09-03T13:45:00+00:00,169,1,188,False,True,358,3.9639999999999986,17,D10,260,1726580700000,,False,188,0.41,0.42,2.4390243902439046,30.952380952380977,-59.52380952380951,-57.14285714285714,18,163,-67.27272727272728,-1.8461538461538445,34.14634146341464,-58.536585365853654,True,SCORED_WINDOW
AMC15-004,O:AMC241004P00005000,PUT,5.0,2024-10-04,30,0.0,DISCOVERY,THESIS_PRESSURE,2024-09-03T14:00:00+00:00,2024-09-03T13:45:00+00:00,34,1,158,False,True,193,3.9639999999999986,31,H1,4,1725374700000,,False,2,0.49,0.52,6.1224489795918435,3.8461538461538547,0.0,1.9230769230769162,1,1,-1.851851851851849,0.4999999999999971,10.204081632653072,6.1224489795918435,False,SCORED_WINDOW
AMC15-004,O:AMC241004P00005000,PUT,5.0,2024-10-04,30,0.0,DISCOVERY,THESIS_PRESSURE,2024-09-03T14:00:00+00:00,2024-09-03T13:45:00+00:00,34,1,158,False,True,193,3.9639999999999986,31,D1,26,1725457500000,,False,6,0.49,0.52,6.1224489795918435,15.384615384615374,-1.9230769230769273,15.384615384615374,6,3,0.0,1.0,22.44897959183674,4.081632653061229,False,SCORED_WINDOW
AMC15-004,O:AMC241004P00005000,PUT,5.0,2024-10-04,30,0.0,DISCOVERY,THESIS_PRESSURE,2024-09-03T14:00:00+00:00,2024-09-03T13:45:00+00:00,34,1,158,False,True,193,3.9639999999999986,31,D3,78,1725630300000,,False,15,0.49,0.52,6.1224489795918435,15.384615384615374,-11.538461538461542,0.0,6,15,-13.33333333333333,0.0,22.44897959183674,-6.122448979591832,True,SCORED_WINDOW
AMC15-004,O:AMC241004P00005000,PUT,5.0,2024-10-04,30,0.0,DISCOVERY,THESIS_PRESSURE,2024-09-03T14:00:00+00:00,2024-09-03T13:45:00+00:00,34,1,158,False,True,193,3.9639999999999986,31,D5,130,1725975900000,,False,26,0.49,0.52,6.1224489795918435,15.384615384615374,-25.0,-25.0,6,23,-35.0,-1.625000000000001,22.44897959183674,-20.408163265306122,True,SCORED_WINDOW
AMC15-004,O:AMC241004P00005000,PUT,5.0,2024-10-04,30,0.0,DISCOVERY,THESIS_PRESSURE,2024-09-03T14:00:00+00:00,2024-09-03T13:45:00+00:00,34,1,158,False,True,193,3.9639999999999986,31,D10,260,1726580700000,,False,67,0.49,0.52,6.1224489795918435,15.384615384615374,-40.38461538461539,-30.76923076923077,6,60,-40.0,-2.0000000000000013,22.44897959183674,-36.73469387755102,True,SCORED_WINDOW
AMC15-008,O:AMC260206C00001500,CALL,1.5,2026-02-06,14,0.0,DISCOVERY,THESIS_PRESSURE,2026-01-23T17:45:00+00:00,2026-01-23T17:30:00+00:00,76,1,267,False,True,344,6.000000000000005,14,H1,4,1769193000000,,False,4,0.16,0.16,0.0,0.0,-12.49999999999999,-12.49999999999999,1,4,-12.49999999999999,,0.0,-12.49999999999999,True,SCORED_WINDOW
AMC15-008,O:AMC260206C00001500,CALL,1.5,2026-02-06,14,0.0,DISCOVERY,THESIS_PRESSURE,2026-01-23T17:45:00+00:00,2026-01-23T17:30:00+00:00,76,1,267,False,True,344,6.000000000000005,14,D1,26,1769448600000,,False,24,0.16,0.16,0.0,25.0,-37.5,-18.75,12,13,-35.0,-0.75,25.0,-37.5,True,SCORED_WINDOW
AMC15-008,O:AMC260206C00001500,CALL,1.5,2026-02-06,14,0.0,DISCOVERY,THESIS_PRESSURE,2026-01-23T17:45:00+00:00,2026-01-23T17:30:00+00:00,76,1,267,False,True,344,6.000000000000005,14,D3,78,1769621400000,,False,74,0.16,0.16,0.0,25.0,-93.75,-56.25,12,39,-64.99999999999999,-2.25,25.0,-93.75,True,SCORED_WINDOW
AMC15-008,O:AMC260206C00001500,CALL,1.5,2026-02-06,14,0.0,DISCOVERY,THESIS_PRESSURE,2026-01-23T17:45:00+00:00,2026-01-23T17:30:00+00:00,76,1,267,False,True,344,6.000000000000005,14,D5,130,1769794200000,,False,125,0.16,0.16,0.0,25.0,-93.75,-75.0,12,39,-80.0,-3.0,25.0,-93.75,True,SCORED_WINDOW
AMC15-008,O:AMC260206C00001500,CALL,1.5,2026-02-06,14,0.0,DISCOVERY,THESIS_PRESSURE,2026-01-23T17:45:00+00:00,2026-01-23T17:30:00+00:00,76,1,267,False,True,344,6.000000000000005,14,D10,260,1770399000000,,False,254,0.16,0.16,0.0,25.0,-93.75,-93.75,12,39,-95.0,-3.75,25.0,-93.75,True,SCORED_WINDOW
AMC15-008,O:AMC260220C00001500,CALL,1.5,2026-02-20,30,0.0,DISCOVERY,THESIS_PRESSURE,2026-01-23T17:45:00+00:00,2026-01-23T17:30:00+00:00,89,1,387,False,True,477,6.000000000000005,28,H1,4,1769193000000,,False,4,0.2,0.21,4.999999999999982,0.0,-14.28571428571429,-4.761904761904756,1,2,-4.761904761904756,,4.999999999999982,-10.000000000000009,True,SCORED_WINDOW
AMC15-008,O:AMC260220C00001500,CALL,1.5,2026-02-20,30,0.0,DISCOVERY,THESIS_PRESSURE,2026-01-23T17:45:00+00:00,2026-01-23T17:30:00+00:00,89,1,387,False,True,477,6.000000000000005,28,D1,26,1769448600000,,False,25,0.2,0.21,4.999999999999982,19.047619047619047,-33.33333333333333,-14.28571428571429,13,14,-28.000000000000004,-0.7500000000000002,25.0,-29.999999999999993,True,SCORED_WINDOW
AMC15-008,O:AMC260220C00001500,CALL,1.5,2026-02-20,30,0.0,DISCOVERY,THESIS_PRESSURE,2026-01-23T17:45:00+00:00,2026-01-23T17:30:00+00:00,89,1,387,False,True,477,6.000000000000005,28,D3,78,1769621400000,,False,73,0.2,0.21,4.999999999999982,19.047619047619047,-47.61904761904761,-38.095238095238095,13,51,-48.0,-2.0,25.0,-45.00000000000001,True,SCORED_WINDOW
AMC15-008,O:AMC260220C00001500,CALL,1.5,2026-02-20,30,0.0,DISCOVERY,THESIS_PRESSURE,2026-01-23T17:45:00+00:00,2026-01-23T17:30:00+00:00,89,1,387,False,True,477,6.000000000000005,28,D5,130,1769794200000,,False,120,0.2,0.21,4.999999999999982,19.047619047619047,-61.904761904761905,-61.904761904761905,13,106,-68.0,-3.25,25.0,-60.00000000000001,True,SCORED_WINDOW
AMC15-008,O:AMC260220C00001500,CALL,1.5,2026-02-20,30,0.0,DISCOVERY,THESIS_PRESSURE,2026-01-23T17:45:00+00:00,2026-01-23T17:30:00+00:00,89,1,387,False,True,477,6.000000000000005,28,D10,260,1770399000000,,False,246,0.2,0.21,4.999999999999982,19.047619047619047,-76.19047619047619,-57.14285714285714,13,183,-64.0,-3.0,25.0,-75.0,True,SCORED_WINDOW
AMC15-008,O:AMC260206P00001500,PUT,1.5,2026-02-06,14,0.0,DISCOVERY,THESIS_PRESSURE,2026-01-23T17:45:00+00:00,2026-01-23T17:30:00+00:00,52,1,227,False,True,280,-6.000000000000005,14,H1,4,1769193000000,,False,3,0.06,0.07,16.666666666666675,14.28571428571428,0.0,0.0,2,1,-12.49999999999999,0.0,33.33333333333335,16.666666666666675,False,SCORED_WINDOW
AMC15-008,O:AMC260206P00001500,PUT,1.5,2026-02-06,14,0.0,DISCOVERY,THESIS_PRESSURE,2026-01-23T17:45:00+00:00,2026-01-23T17:30:00+00:00,52,1,227,False,True,280,-6.000000000000005,14,D1,26,1769448600000,,False,18,0.06,0.07,16.666666666666675,57.14285714285714,0.0,42.85714285714286,12,1,-9.090909090909083,0.7500000000000001,83.33333333333334,16.666666666666675,False,SCORED_WINDOW
AMC15-008,O:AMC260206P00001500,PUT,1.5,2026-02-06,14,0.0,DISCOVERY,THESIS_PRESSURE,2026-01-23T17:45:00+00:00,2026-01-23T17:30:00+00:00,52,1,227,False,True,280,-6.000000000000005,14,D3,78,1769621400000,,False,52,0.06,0.07,16.666666666666675,114.28571428571428,0.0,71.4285714285714,31,1,-19.999999999999996,0.6249999999999998,150.0,16.666666666666675,False,SCORED_WINDOW
AMC15-008,O:AMC260206P00001500,PUT,1.5,2026-02-06,14,0.0,DISCOVERY,THESIS_PRESSURE,2026-01-23T17:45:00+00:00,2026-01-23T17:30:00+00:00,52,1,227,False,True,280,-6.000000000000005,14,D5,130,1769794200000,,False,96,0.06,0.07,16.666666666666675,157.1428571428571,0.0,128.57142857142856,85,1,-11.111111111111105,0.8181818181818182,200.0,16.666666666666675,False,SCORED_WINDOW
AMC15-008,O:AMC260206P00001500,PUT,1.5,2026-02-06,14,0.0,DISCOVERY,THESIS_PRESSURE,2026-01-23T17:45:00+00:00,2026-01-23T17:30:00+00:00,52,1,227,False,True,280,-6.000000000000005,14,D10,260,1770399000000,,False,215,0.06,0.07,16.666666666666675,157.1428571428571,-57.14285714285715,-57.14285714285715,85,178,-83.33333333333334,-0.36363636363636376,200.0,-50.0,True,SCORED_WINDOW
AMC15-008,O:AMC260220P00001500,PUT,1.5,2026-02-20,30,0.0,DISCOVERY,THESIS_PRESSURE,2026-01-23T17:45:00+00:00,2026-01-23T17:30:00+00:00,52,1,225,False,True,278,-6.000000000000005,28,H1,4,1769193000000,,False,4,0.1,0.11,9.999999999999986,9.090909090909083,0.0,9.090909090909083,2,1,0.0,1.0,19.999999999999996,9.999999999999986,False,SCORED_WINDOW
AMC15-008,O:AMC260220P00001500,PUT,1.5,2026-02-20,30,0.0,DISCOVERY,THESIS_PRESSURE,2026-01-23T17:45:00+00:00,2026-01-23T17:30:00+00:00,52,1,225,False,True,278,-6.000000000000005,28,D1,26,1769448600000,,False,19,0.1,0.11,9.999999999999986,36.36363636363635,0.0,36.36363636363635,14,1,0.0,1.0,49.99999999999998,9.999999999999986,False,SCORED_WINDOW
AMC15-008,O:AMC260220P00001500,PUT,1.5,2026-02-20,30,0.0,DISCOVERY,THESIS_PRESSURE,2026-01-23T17:45:00+00:00,2026-01-23T17:30:00+00:00,52,1,225,False,True,278,-6.000000000000005,28,D3,78,1769621400000,,False,45,0.1,0.11,9.999999999999986,72.72727272727273,0.0,63.636363636363626,27,1,-5.263157894736848,0.8749999999999998,89.99999999999999,9.999999999999986,False,SCORED_WINDOW
AMC15-008,O:AMC260220P00001500,PUT,1.5,2026-02-20,30,0.0,DISCOVERY,THESIS_PRESSURE,2026-01-23T17:45:00+00:00,2026-01-23T17:30:00+00:00,52,1,225,False,True,278,-6.000000000000005,28,D5,130,1769794200000,,False,70,0.1,0.11,9.999999999999986,90.90909090909089,0.0,90.90909090909089,65,1,0.0,1.0,109.99999999999997,9.999999999999986,False,SCORED_WINDOW
AMC15-008,O:AMC260220P00001500,PUT,1.5,2026-02-20,30,0.0,DISCOVERY,THESIS_PRESSURE,2026-01-23T17:45:00+00:00,2026-01-23T17:30:00+00:00,52,1,225,False,True,278,-6.000000000000005,28,D10,260,1770399000000,,False,137,0.1,0.11,9.999999999999986,90.90909090909089,-9.090909090909083,-9.090909090909083,65,113,-52.38095238095237,-0.09999999999999994,109.99999999999997,0.0,True,SCORED_WINDOW
AMC15-009,O:AMC260220C00001500,CALL,1.5,2026-02-20,14,0.0,HOLDOUT,ENTRY_FORMING,2026-02-06T15:00:00+00:00,2026-02-06T14:45:00+00:00,324,1,152,False,True,477,-4.0066666666666695,14,H1,4,1770392700000,,False,4,0.08,0.08,0.0,12.5,-12.49999999999999,12.5,2,1,0.0,1.0,12.5,-12.49999999999999,False,SCORED_WINDOW
AMC15-009,O:AMC260220C00001500,CALL,1.5,2026-02-20,14,0.0,HOLDOUT,ENTRY_FORMING,2026-02-06T15:00:00+00:00,2026-02-06T14:45:00+00:00,324,1,152,False,True,477,-4.0066666666666695,14,D1,26,1770648300000,,False,26,0.08,0.08,0.0,25.0,-50.0,-37.5,12,25,-50.0,-1.5,25.0,-50.0,True,SCORED_WINDOW
AMC15-009,O:AMC260220C00001500,CALL,1.5,2026-02-20,14,0.0,HOLDOUT,ENTRY_FORMING,2026-02-06T15:00:00+00:00,2026-02-06T14:45:00+00:00,324,1,152,False,True,477,-4.0066666666666695,14,D3,78,1770821100000,,False,77,0.08,0.08,0.0,25.0,-75.0,-75.0,12,76,-80.0,-3.0,25.0,-75.0,True,SCORED_WINDOW
AMC15-009,O:AMC260220C00001500,CALL,1.5,2026-02-20,14,0.0,HOLDOUT,ENTRY_FORMING,2026-02-06T15:00:00+00:00,2026-02-06T14:45:00+00:00,324,1,152,False,True,477,-4.0066666666666695,14,D5,130,1770993900000,,False,128,0.08,0.08,0.0,25.0,-87.5,-62.5,12,122,-70.0,-2.5,25.0,-87.5,True,SCORED_WINDOW
AMC15-009,O:AMC260220C00001500,CALL,1.5,2026-02-20,14,0.0,HOLDOUT,ENTRY_FORMING,2026-02-06T15:00:00+00:00,2026-02-06T14:45:00+00:00,324,1,152,False,True,477,-4.0066666666666695,14,D10,260,1771857900000,CONTRACT_EXPIRY,True,152,0.08,0.08,0.0,25.0,-87.5,-75.0,12,122,-80.0,-3.0,25.0,-87.5,True,SCORED_RIGHT_CENSORED
AMC15-009,O:AMC260306C00001500,CALL,1.5,2026-03-06,30,0.0,HOLDOUT,ENTRY_FORMING,2026-02-06T15:00:00+00:00,2026-02-06T14:45:00+00:00,74,1,310,False,True,385,-4.0066666666666695,28,H1,4,1770392700000,,False,3,0.19,0.17,-10.526315789473683,23.529411764705866,0.0,23.529411764705866,3,1,0.0,1.0,10.526315789473673,-10.526315789473683,False,SCORED_WINDOW
AMC15-009,O:AMC260306C00001500,CALL,1.5,2026-03-06,30,0.0,HOLDOUT,ENTRY_FORMING,2026-02-06T15:00:00+00:00,2026-02-06T14:45:00+00:00,74,1,310,False,True,385,-4.0066666666666695,28,D1,26,1770648300000,,False,17,0.19,0.17,-10.526315789473683,23.529411764705866,-23.529411764705888,-17.647058823529406,3,17,-33.33333333333333,-0.7500000000000002,10.526315789473673,-31.57894736842105,True,SCORED_WINDOW
AMC15-009,O:AMC260306C00001500,CALL,1.5,2026-03-06,30,0.0,HOLDOUT,ENTRY_FORMING,2026-02-06T15:00:00+00:00,2026-02-06T14:45:00+00:00,74,1,310,False,True,385,-4.0066666666666695,28,D3,78,1770821100000,,False,54,0.19,0.17,-10.526315789473683,23.529411764705866,-82.35294117647058,-35.29411764705883,3,44,-47.61904761904761,-1.5000000000000013,10.526315789473673,-84.21052631578947,True,SCORED_WINDOW
AMC15-009,O:AMC260306C00001500,CALL,1.5,2026-03-06,30,0.0,HOLDOUT,ENTRY_FORMING,2026-02-06T15:00:00+00:00,2026-02-06T14:45:00+00:00,74,1,310,False,True,385,-4.0066666666666695,28,D5,130,1770993900000,,False,81,0.19,0.17,-10.526315789473683,23.529411764705866,-82.35294117647058,-41.17647058823529,3,44,-52.38095238095237,-1.750000000000001,10.526315789473673,-84.21052631578947,True,SCORED_WINDOW
AMC15-009,O:AMC260306C00001500,CALL,1.5,2026-03-06,30,0.0,HOLDOUT,ENTRY_FORMING,2026-02-06T15:00:00+00:00,2026-02-06T14:45:00+00:00,74,1,310,False,True,385,-4.0066666666666695,28,D10,260,1771857900000,,False,188,0.19,0.17,-10.526315789473683,23.529411764705866,-82.35294117647058,-76.47058823529412,3,44,-80.95238095238095,-3.250000000000002,10.526315789473673,-84.21052631578947,True,SCORED_WINDOW
AMC15-009,O:AMC260220P00001500,PUT,1.5,2026-02-20,14,0.0,HOLDOUT,ENTRY_FORMING,2026-02-06T15:00:00+00:00,2026-02-06T14:45:00+00:00,180,1,97,False,True,278,4.0066666666666695,14,H1,4,1770392700000,,False,4,0.13,0.12,-7.692307692307699,0.0,-8.333333333333325,-8.333333333333325,1,2,-8.333333333333325,,-7.692307692307699,-15.384615384615385,True,SCORED_WINDOW
AMC15-009,O:AMC260220P00001500,PUT,1.5,2026-02-20,14,0.0,HOLDOUT,ENTRY_FORMING,2026-02-06T15:00:00+00:00,2026-02-06T14:45:00+00:00,180,1,97,False,True,278,4.0066666666666695,14,D1,26,1770648300000,,False,17,0.13,0.12,-7.692307692307699,83.33333333333334,-25.0,58.33333333333335,17,14,-13.636363636363635,0.7000000000000001,69.23076923076923,-30.76923076923077,False,SCORED_WINDOW
AMC15-009,O:AMC260220P00001500,PUT,1.5,2026-02-20,14,0.0,HOLDOUT,ENTRY_FORMING,2026-02-06T15:00:00+00:00,2026-02-06T14:45:00+00:00,180,1,97,False,True,278,4.0066666666666695,14,D3,78,1770821100000,,False,45,0.13,0.12,-7.692307692307699,100.0,-25.0,83.33333333333334,45,14,-8.333333333333325,0.8333333333333335,84.6153846153846,-30.76923076923077,False,SCORED_WINDOW
AMC15-009,O:AMC260220P00001500,PUT,1.5,2026-02-20,14,0.0,HOLDOUT,ENTRY_FORMING,2026-02-06T15:00:00+00:00,2026-02-06T14:45:00+00:00,180,1,97,False,True,278,4.0066666666666695,14,D5,130,1770993900000,,False,83,0.13,0.12,-7.692307692307699,166.66666666666669,-25.0,91.66666666666667,77,14,-28.125,0.5499999999999999,146.15384615384616,-30.76923076923077,False,SCORED_WINDOW
AMC15-009,O:AMC260220P00001500,PUT,1.5,2026-02-20,14,0.0,HOLDOUT,ENTRY_FORMING,2026-02-06T15:00:00+00:00,2026-02-06T14:45:00+00:00,180,1,97,False,True,278,4.0066666666666695,14,D10,260,1771857900000,CONTRACT_EXPIRY,True,97,0.13,0.12,-7.692307692307699,166.66666666666669,-25.0,133.33333333333334,77,14,-12.49999999999999,0.7999999999999999,146.15384615384616,-30.76923076923077,False,SCORED_RIGHT_CENSORED
AMC15-009,O:AMC260306P00001500,PUT,1.5,2026-03-06,30,0.0,HOLDOUT,ENTRY_FORMING,2026-02-06T15:00:00+00:00,2026-02-06T14:45:00+00:00,26,0,90,False,False,116,4.0066666666666695,28,H1,4,1770392700000,,False,,,,,,,,,,,,,,,UNSCORED_SIGNAL_BAR_ABSENT
AMC15-009,O:AMC260306P00001500,PUT,1.5,2026-03-06,30,0.0,HOLDOUT,ENTRY_FORMING,2026-02-06T15:00:00+00:00,2026-02-06T14:45:00+00:00,26,0,90,False,False,116,4.0066666666666695,28,D1,26,1770648300000,,False,,,,,,,,,,,,,,,UNSCORED_SIGNAL_BAR_ABSENT
AMC15-009,O:AMC260306P00001500,PUT,1.5,2026-03-06,30,0.0,HOLDOUT,ENTRY_FORMING,2026-02-06T15:00:00+00:00,2026-02-06T14:45:00+00:00,26,0,90,False,False,116,4.0066666666666695,28,D3,78,1770821100000,,False,,,,,,,,,,,,,,,UNSCORED_SIGNAL_BAR_ABSENT
AMC15-009,O:AMC260306P00001500,PUT,1.5,2026-03-06,30,0.0,HOLDOUT,ENTRY_FORMING,2026-02-06T15:00:00+00:00,2026-02-06T14:45:00+00:00,26,0,90,False,False,116,4.0066666666666695,28,D5,130,1770993900000,,False,,,,,,,,,,,,,,,UNSCORED_SIGNAL_BAR_ABSENT
AMC15-009,O:AMC260306P00001500,PUT,1.5,2026-03-06,30,0.0,HOLDOUT,ENTRY_FORMING,2026-02-06T15:00:00+00:00,2026-02-06T14:45:00+00:00,26,0,90,False,False,116,4.0066666666666695,28,D10,260,1771857900000,,False,,,,,,,,,,,,,,,UNSCORED_SIGNAL_BAR_ABSENT
AMC15-010,O:AMC260220C00001500,CALL,1.5,2026-02-20,14,0.0,HOLDOUT,CONTINUATION,2026-02-06T17:30:00+00:00,2026-02-06T17:15:00+00:00,334,1,142,False,True,477,-1.5666666666666718,14,H1,4,1770401700000,,False,4,0.09,0.09,0.0,11.111111111111116,-11.111111111111105,0.0,2,1,-10.000000000000009,0.0,11.111111111111116,-11.111111111111105,False,SCORED_WINDOW
AMC15-010,O:AMC260220C00001500,CALL,1.5,2026-02-20,14,0.0,HOLDOUT,CONTINUATION,2026-02-06T17:30:00+00:00,2026-02-06T17:15:00+00:00,334,1,142,False,True,477,-1.5666666666666718,14,D1,26,1770657300000,,False,26,0.09,0.09,0.0,11.111111111111116,-55.55555555555556,-55.55555555555556,2,15,-60.00000000000001,-4.999999999999998,11.111111111111116,-55.55555555555556,True,SCORED_WINDOW
AMC15-010,O:AMC260220C00001500,CALL,1.5,2026-02-20,14,0.0,HOLDOUT,CONTINUATION,2026-02-06T17:30:00+00:00,2026-02-06T17:15:00+00:00,334,1,142,False,True,477,-1.5666666666666718,14,D3,78,1770830100000,,False,77,0.09,0.09,0.0,11.111111111111116,-77.77777777777779,-66.66666666666667,2,66,-70.0,-5.999999999999997,11.111111111111116,-77.77777777777779,True,SCORED_WINDOW
AMC15-010,O:AMC260220C00001500,CALL,1.5,2026-02-20,14,0.0,HOLDOUT,CONTINUATION,2026-02-06T17:30:00+00:00,2026-02-06T17:15:00+00:00,334,1,142,False,True,477,-1.5666666666666718,14,D5,130,1771002900000,,False,128,0.09,0.09,0.0,11.111111111111116,-88.88888888888889,-66.66666666666667,2,112,-70.0,-5.999999999999997,11.111111111111116,-88.88888888888889,True,SCORED_WINDOW
AMC15-010,O:AMC260220C00001500,CALL,1.5,2026-02-20,14,0.0,HOLDOUT,CONTINUATION,2026-02-06T17:30:00+00:00,2026-02-06T17:15:00+00:00,334,1,142,False,True,477,-1.5666666666666718,14,D10,260,1771866900000,CONTRACT_EXPIRY,True,142,0.09,0.09,0.0,11.111111111111116,-88.88888888888889,-77.77777777777779,2,112,-80.0,-6.999999999999997,11.111111111111116,-88.88888888888889,True,SCORED_RIGHT_CENSORED
AMC15-010,O:AMC260306C00001500,CALL,1.5,2026-03-06,30,0.0,HOLDOUT,CONTINUATION,2026-02-06T17:30:00+00:00,2026-02-06T17:15:00+00:00,81,1,303,False,True,385,-1.5666666666666718,28,H1,4,1770401700000,,False,3,0.2,0.19,-5.000000000000004,5.263157894736836,-5.263157894736848,0.0,2,2,-5.000000000000004,0.0,0.0,-10.000000000000009,False,SCORED_WINDOW
AMC15-010,O:AMC260306C00001500,CALL,1.5,2026-03-06,30,0.0,HOLDOUT,CONTINUATION,2026-02-06T17:30:00+00:00,2026-02-06T17:15:00+00:00,81,1,303,False,True,385,-1.5666666666666718,28,D1,26,1770657300000,,False,19,0.2,0.19,-5.000000000000004,5.263157894736836,-31.57894736842105,-26.315789473684205,2,10,-29.999999999999993,-5.000000000000004,0.0,-35.0,True,SCORED_WINDOW
AMC15-010,O:AMC260306C00001500,CALL,1.5,2026-03-06,30,0.0,HOLDOUT,CONTINUATION,2026-02-06T17:30:00+00:00,2026-02-06T17:15:00+00:00,81,1,303,False,True,385,-1.5666666666666718,28,D3,78,1770830100000,,False,53,0.2,0.19,-5.000000000000004,5.263157894736836,-84.21052631578947,-47.36842105263158,2,37,-50.0,-9.00000000000001,0.0,-85.0,True,SCORED_WINDOW
AMC15-010,O:AMC260306C00001500,CALL,1.5,2026-03-06,30,0.0,HOLDOUT,CONTINUATION,2026-02-06T17:30:00+00:00,2026-02-06T17:15:00+00:00,81,1,303,False,True,385,-1.5666666666666718,28,D5,130,1771002900000,,False,83,0.2,0.19,-5.000000000000004,5.263157894736836,-84.21052631578947,-52.63157894736843,2,37,-55.00000000000001,-10.000000000000012,0.0,-85.0,True,SCORED_WINDOW
AMC15-010,O:AMC260306C00001500,CALL,1.5,2026-03-06,30,0.0,HOLDOUT,CONTINUATION,2026-02-06T17:30:00+00:00,2026-02-06T17:15:00+00:00,81,1,303,False,True,385,-1.5666666666666718,28,D10,260,1771866900000,,False,191,0.2,0.19,-5.000000000000004,5.263157894736836,-84.21052631578947,-84.21052631578947,2,37,-85.0,-16.000000000000018,0.0,-85.0,True,SCORED_WINDOW
AMC15-010,O:AMC260220P00001500,PUT,1.5,2026-02-20,14,0.0,HOLDOUT,CONTINUATION,2026-02-06T17:30:00+00:00,2026-02-06T17:15:00+00:00,188,1,89,False,True,278,1.5666666666666718,14,H1,4,1770401700000,,False,2,0.12,0.12,0.0,0.0,-16.666666666666664,-8.333333333333325,1,1,-8.333333333333325,,0.0,-16.666666666666664,False,SCORED_WINDOW
AMC15-010,O:AMC260220P00001500,PUT,1.5,2026-02-20,14,0.0,HOLDOUT,CONTINUATION,2026-02-06T17:30:00+00:00,2026-02-06T17:15:00+00:00,188,1,89,False,True,278,1.5666666666666718,14,D1,26,1770657300000,,False,15,0.12,0.12,0.0,83.33333333333334,-25.0,41.66666666666667,9,6,-22.72727272727272,0.5,83.33333333333334,-25.0,False,SCORED_WINDOW
AMC15-010,O:AMC260220P00001500,PUT,1.5,2026-02-20,14,0.0,HOLDOUT,CONTINUATION,2026-02-06T17:30:00+00:00,2026-02-06T17:15:00+00:00,188,1,89,False,True,278,1.5666666666666718,14,D3,78,1770830100000,,False,45,0.12,0.12,0.0,100.0,-25.0,91.66666666666667,37,6,-4.1666666666666625,0.9166666666666667,100.0,-25.0,False,SCORED_WINDOW
AMC15-010,O:AMC260220P00001500,PUT,1.5,2026-02-20,14,0.0,HOLDOUT,CONTINUATION,2026-02-06T17:30:00+00:00,2026-02-06T17:15:00+00:00,188,1,89,False,True,278,1.5666666666666718,14,D5,130,1771002900000,,False,81,0.12,0.12,0.0,166.66666666666669,-25.0,100.0,69,6,-25.0,0.6,166.66666666666669,-25.0,False,SCORED_WINDOW
AMC15-010,O:AMC260220P00001500,PUT,1.5,2026-02-20,14,0.0,HOLDOUT,CONTINUATION,2026-02-06T17:30:00+00:00,2026-02-06T17:15:00+00:00,188,1,89,False,True,278,1.5666666666666718,14,D10,260,1771866900000,CONTRACT_EXPIRY,True,89,0.12,0.12,0.0,166.66666666666669,-25.0,133.33333333333334,69,6,-12.49999999999999,0.7999999999999999,166.66666666666669,-25.0,False,SCORED_RIGHT_CENSORED
AMC15-010,O:AMC260306P00001500,PUT,1.5,2026-03-06,30,0.0,HOLDOUT,CONTINUATION,2026-02-06T17:30:00+00:00,2026-02-06T17:15:00+00:00,27,0,89,False,False,116,1.5666666666666718,28,H1,4,1770401700000,,False,,,,,,,,,,,,,,,UNSCORED_SIGNAL_BAR_ABSENT
AMC15-010,O:AMC260306P00001500,PUT,1.5,2026-03-06,30,0.0,HOLDOUT,CONTINUATION,2026-02-06T17:30:00+00:00,2026-02-06T17:15:00+00:00,27,0,89,False,False,116,1.5666666666666718,28,D1,26,1770657300000,,False,,,,,,,,,,,,,,,UNSCORED_SIGNAL_BAR_ABSENT
AMC15-010,O:AMC260306P00001500,PUT,1.5,2026-03-06,30,0.0,HOLDOUT,CONTINUATION,2026-02-06T17:30:00+00:00,2026-02-06T17:15:00+00:00,27,0,89,False,False,116,1.5666666666666718,28,D3,78,1770830100000,,False,,,,,,,,,,,,,,,UNSCORED_SIGNAL_BAR_ABSENT
AMC15-010,O:AMC260306P00001500,PUT,1.5,2026-03-06,30,0.0,HOLDOUT,CONTINUATION,2026-02-06T17:30:00+00:00,2026-02-06T17:15:00+00:00,27,0,89,False,False,116,1.5666666666666718,28,D5,130,1771002900000,,False,,,,,,,,,,,,,,,UNSCORED_SIGNAL_BAR_ABSENT
AMC15-010,O:AMC260306P00001500,PUT,1.5,2026-03-06,30,0.0,HOLDOUT,CONTINUATION,2026-02-06T17:30:00+00:00,2026-02-06T17:15:00+00:00,27,0,89,False,False,116,1.5666666666666718,28,D10,260,1771866900000,,False,,,,,,,,,,,,,,,UNSCORED_SIGNAL_BAR_ABSENT
AMC15-012,O:AMC260410C00001000,CALL,1.0,2026-04-10,14,0.0,HOLDOUT,RISK_OR_EXHAUSTION,2026-03-30T16:45:00+00:00,2026-03-30T16:30:00+00:00,101,1,210,False,True,312,5.499999999999994,11,H1,4,1774891800000,,False,4,0.1,0.11,9.999999999999986,0.0,-45.45454545454546,-36.36363636363635,1,3,-36.36363636363635,,9.999999999999986,-40.0,True,SCORED_WINDOW
AMC15-012,O:AMC260410C00001000,CALL,1.0,2026-04-10,14,0.0,HOLDOUT,RISK_OR_EXHAUSTION,2026-03-30T16:45:00+00:00,2026-03-30T16:30:00+00:00,101,1,210,False,True,312,5.499999999999994,11,D1,26,1774974600000,,False,24,0.1,0.11,9.999999999999986,0.0,-54.54545454545454,-36.36363636363635,1,13,-36.36363636363635,,9.999999999999986,-50.0,True,SCORED_WINDOW
AMC15-012,O:AMC260410C00001000,CALL,1.0,2026-04-10,14,0.0,HOLDOUT,RISK_OR_EXHAUSTION,2026-03-30T16:45:00+00:00,2026-03-30T16:30:00+00:00,101,1,210,False,True,312,5.499999999999994,11,D3,78,1775147400000,,False,71,0.1,0.11,9.999999999999986,0.0,-63.63636363636363,-27.27272727272727,1,48,-27.27272727272727,,9.999999999999986,-60.00000000000001,True,SCORED_WINDOW
AMC15-012,O:AMC260410C00001000,CALL,1.0,2026-04-10,14,0.0,HOLDOUT,RISK_OR_EXHAUSTION,2026-03-30T16:45:00+00:00,2026-03-30T16:30:00+00:00,101,1,210,False,True,312,5.499999999999994,11,D5,130,1775579400000,,False,123,0.1,0.11,9.999999999999986,181.81818181818184,-63.63636363636363,90.90909090909089,96,48,-32.25806451612904,0.49999999999999983,209.99999999999997,-60.00000000000001,False,SCORED_WINDOW
AMC15-012,O:AMC260410C00001000,CALL,1.0,2026-04-10,14,0.0,HOLDOUT,RISK_OR_EXHAUSTION,2026-03-30T16:45:00+00:00,2026-03-30T16:30:00+00:00,101,1,210,False,True,312,5.499999999999994,11,D10,260,1776184200000,CONTRACT_EXPIRY,True,210,0.1,0.11,9.999999999999986,300.0,-63.63636363636363,218.18181818181816,186,48,-20.45454545454546,0.7272727272727272,339.99999999999994,-60.00000000000001,False,SCORED_RIGHT_CENSORED
AMC15-012,O:AMC260501C00001000,CALL,1.0,2026-05-01,30,0.0,HOLDOUT,RISK_OR_EXHAUSTION,2026-03-30T16:45:00+00:00,2026-03-30T16:30:00+00:00,63,1,235,False,True,299,5.499999999999994,32,H1,4,1774891800000,,False,2,0.1,0.11,9.999999999999986,27.272727272727295,0.0,9.090909090909083,1,1,-14.285714285714302,0.33333333333333276,40.000000000000014,9.999999999999986,False,SCORED_WINDOW
AMC15-012,O:AMC260501C00001000,CALL,1.0,2026-05-01,30,0.0,HOLDOUT,RISK_OR_EXHAUSTION,2026-03-30T16:45:00+00:00,2026-03-30T16:30:00+00:00,63,1,235,False,True,299,5.499999999999994,32,D1,26,1774974600000,,False,18,0.1,0.11,9.999999999999986,27.272727272727295,-18.181818181818187,0.0,1,13,-21.42857142857143,0.0,40.000000000000014,-10.000000000000009,True,SCORED_WINDOW
AMC15-012,O:AMC260501C00001000,CALL,1.0,2026-05-01,30,0.0,HOLDOUT,RISK_OR_EXHAUSTION,2026-03-30T16:45:00+00:00,2026-03-30T16:30:00+00:00,63,1,235,False,True,299,5.499999999999994,32,D3,78,1775147400000,,False,49,0.1,0.11,9.999999999999986,27.272727272727295,-27.27272727272727,0.0,1,30,-21.42857142857143,0.0,40.000000000000014,-20.000000000000007,True,SCORED_WINDOW
AMC15-012,O:AMC260501C00001000,CALL,1.0,2026-05-01,30,0.0,HOLDOUT,RISK_OR_EXHAUSTION,2026-03-30T16:45:00+00:00,2026-03-30T16:30:00+00:00,63,1,235,False,True,299,5.499999999999994,32,D5,130,1775579400000,,False,92,0.1,0.11,9.999999999999986,190.9090909090909,-27.27272727272727,136.36363636363637,73,30,-18.75,0.7142857142857143,219.99999999999997,-20.000000000000007,False,SCORED_WINDOW
AMC15-012,O:AMC260501C00001000,CALL,1.0,2026-05-01,30,0.0,HOLDOUT,RISK_OR_EXHAUSTION,2026-03-30T16:45:00+00:00,2026-03-30T16:30:00+00:00,63,1,235,False,True,299,5.499999999999994,32,D10,260,1776184200000,,False,173,0.1,0.11,9.999999999999986,400.0,-27.27272727272727,390.90909090909093,172,30,-1.8181818181818188,0.9772727272727273,450.0,-20.000000000000007,False,SCORED_WINDOW
AMC15-012,O:AMC260410P00001000,PUT,1.0,2026-04-10,14,0.0,HOLDOUT,RISK_OR_EXHAUSTION,2026-03-30T16:45:00+00:00,2026-03-30T16:30:00+00:00,50,1,122,False,True,173,-5.499999999999994,11,H1,4,1774891800000,,False,3,0.05,0.05,0.0,0.0,-20.000000000000007,0.0,1,1,0.0,,0.0,-20.000000000000007,False,SCORED_WINDOW
AMC15-012,O:AMC260410P00001000,PUT,1.0,2026-04-10,14,0.0,HOLDOUT,RISK_OR_EXHAUSTION,2026-03-30T16:45:00+00:00,2026-03-30T16:30:00+00:00,50,1,122,False,True,173,-5.499999999999994,11,D1,26,1774974600000,,False,21,0.05,0.05,0.0,59.999999999999986,-20.000000000000007,0.0,9,1,-37.5,0.0,59.999999999999986,-20.000000000000007,False,SCORED_WINDOW
AMC15-012,O:AMC260410P00001000,PUT,1.0,2026-04-10,14,0.0,HOLDOUT,RISK_OR_EXHAUSTION,2026-03-30T16:45:00+00:00,2026-03-30T16:30:00+00:00,50,1,122,False,True,173,-5.499999999999994,11,D3,78,1775147400000,,False,53,0.05,0.05,0.0,59.999999999999986,-60.00000000000001,-60.00000000000001,9,50,-75.0,-1.0000000000000004,59.999999999999986,-60.00000000000001,True,SCORED_WINDOW
AMC15-012,O:AMC260410P00001000,PUT,1.0,2026-04-10,14,0.0,HOLDOUT,RISK_OR_EXHAUSTION,2026-03-30T16:45:00+00:00,2026-03-30T16:30:00+00:00,50,1,122,False,True,173,-5.499999999999994,11,D5,130,1775579400000,,False,99,0.05,0.05,0.0,59.999999999999986,-80.0,-80.0,9,55,-87.5,-1.3333333333333337,59.999999999999986,-80.0,True,SCORED_WINDOW
AMC15-012,O:AMC260410P00001000,PUT,1.0,2026-04-10,14,0.0,HOLDOUT,RISK_OR_EXHAUSTION,2026-03-30T16:45:00+00:00,2026-03-30T16:30:00+00:00,50,1,122,False,True,173,-5.499999999999994,11,D10,260,1776184200000,CONTRACT_EXPIRY,True,122,0.05,0.05,0.0,59.999999999999986,-80.0,-80.0,9,55,-87.5,-1.3333333333333337,59.999999999999986,-80.0,True,SCORED_RIGHT_CENSORED
AMC15-012,O:AMC260501P00001000,PUT,1.0,2026-05-01,30,0.0,HOLDOUT,RISK_OR_EXHAUSTION,2026-03-30T16:45:00+00:00,2026-03-30T16:30:00+00:00,23,1,102,False,True,126,-5.499999999999994,32,H1,4,1774891800000,,False,0,,,,,,,,,,,,,,UNSCORED_NO_POST_SIGNAL_PRINT
AMC15-012,O:AMC260501P00001000,PUT,1.0,2026-05-01,30,0.0,HOLDOUT,RISK_OR_EXHAUSTION,2026-03-30T16:45:00+00:00,2026-03-30T16:30:00+00:00,23,1,102,False,True,126,-5.499999999999994,32,D1,26,1774974600000,,False,4,0.11,0.09,-18.181818181818187,33.33333333333333,0.0,11.111111111111116,3,1,-16.666666666666664,0.33333333333333354,9.090909090909083,-18.181818181818187,False,SCORED_WINDOW
AMC15-012,O:AMC260501P00001000,PUT,1.0,2026-05-01,30,0.0,HOLDOUT,RISK_OR_EXHAUSTION,2026-03-30T16:45:00+00:00,2026-03-30T16:30:00+00:00,23,1,102,False,True,126,-5.499999999999994,32,D3,78,1775147400000,,False,12,0.11,0.09,-18.181818181818187,33.33333333333333,-33.333333333333336,-11.111111111111105,3,10,-33.33333333333333,-0.3333333333333332,9.090909090909083,-45.45454545454546,True,SCORED_WINDOW
AMC15-012,O:AMC260501P00001000,PUT,1.0,2026-05-01,30,0.0,HOLDOUT,RISK_OR_EXHAUSTION,2026-03-30T16:45:00+00:00,2026-03-30T16:30:00+00:00,23,1,102,False,True,126,-5.499999999999994,32,D5,130,1775579400000,,False,29,0.11,0.09,-18.181818181818187,33.33333333333333,-77.77777777777779,-66.66666666666667,3,13,-75.0,-2.0000000000000004,9.090909090909083,-81.81818181818181,True,SCORED_WINDOW
AMC15-012,O:AMC260501P00001000,PUT,1.0,2026-05-01,30,0.0,HOLDOUT,RISK_OR_EXHAUSTION,2026-03-30T16:45:00+00:00,2026-03-30T16:30:00+00:00,23,1,102,False,True,126,-5.499999999999994,32,D10,260,1776184200000,,False,77,0.11,0.09,-18.181818181818187,33.33333333333333,-88.88888888888889,-77.77777777777779,3,33,-83.33333333333333,-2.333333333333334,9.090909090909083,-90.9090909090909,True,SCORED_WINDOW
AMC15-014,O:AMC260821C00002500,CALL,2.5,2026-08-21,14,0.0,HOLDOUT,ENTRY_FORMING,2026-08-07T20:00:00+00:00,2026-08-07T19:45:00+00:00,151,1,52,False,True,255,3.200000000000003,14,H1,4,1786371300000,,False,4,0.22,0.22,0.0,0.0,-45.45454545454546,-40.90909090909091,1,4,-40.90909090909091,,0.0,-45.45454545454546,True,SCORED_WINDOW
AMC15-014,O:AMC260821C00002500,CALL,2.5,2026-08-21,14,0.0,HOLDOUT,ENTRY_FORMING,2026-08-07T20:00:00+00:00,2026-08-07T19:45:00+00:00,151,1,52,False,True,255,3.200000000000003,14,D1,26,1786391100000,,False,26,0.22,0.22,0.0,0.0,-45.45454545454546,-45.45454545454546,1,4,-45.45454545454546,,0.0,-45.45454545454546,True,SCORED_WINDOW
AMC15-014,O:AMC260821C00002500,CALL,2.5,2026-08-21,14,0.0,HOLDOUT,ENTRY_FORMING,2026-08-07T20:00:00+00:00,2026-08-07T19:45:00+00:00,151,1,52,False,True,255,3.200000000000003,14,D3,78,1786477500000,UNDERLYING_DATA_END,True,52,0.22,0.22,0.0,0.0,-54.54545454545454,-50.0,1,47,-50.0,,0.0,-54.54545454545454,True,SCORED_RIGHT_CENSORED
AMC15-014,O:AMC260821C00002500,CALL,2.5,2026-08-21,14,0.0,HOLDOUT,ENTRY_FORMING,2026-08-07T20:00:00+00:00,2026-08-07T19:45:00+00:00,151,1,52,False,True,255,3.200000000000003,14,D5,130,1786477500000,UNDERLYING_DATA_END,True,52,0.22,0.22,0.0,0.0,-54.54545454545454,-50.0,1,47,-50.0,,0.0,-54.54545454545454,True,SCORED_RIGHT_CENSORED
AMC15-014,O:AMC260821C00002500,CALL,2.5,2026-08-21,14,0.0,HOLDOUT,ENTRY_FORMING,2026-08-07T20:00:00+00:00,2026-08-07T19:45:00+00:00,151,1,52,False,True,255,3.200000000000003,14,D10,260,1786477500000,UNDERLYING_DATA_END,True,52,0.22,0.22,0.0,0.0,-54.54545454545454,-50.0,1,47,-50.0,,0.0,-54.54545454545454,True,SCORED_RIGHT_CENSORED
AMC15-014,O:AMC260904C00002500,CALL,2.5,2026-09-04,30,0.0,HOLDOUT,ENTRY_FORMING,2026-08-07T20:00:00+00:00,2026-08-07T19:45:00+00:00,12,1,30,False,True,69,3.200000000000003,28,H1,4,1786371300000,,False,3,0.31,0.19,-38.70967741935484,42.10526315789473,0.0,15.789473684210531,1,1,-18.518518518518523,0.37500000000000017,-12.903225806451601,-38.70967741935484,False,SCORED_WINDOW
AMC15-014,O:AMC260904C00002500,CALL,2.5,2026-09-04,30,0.0,HOLDOUT,ENTRY_FORMING,2026-08-07T20:00:00+00:00,2026-08-07T19:45:00+00:00,12,1,30,False,True,69,3.200000000000003,28,D1,26,1786391100000,,False,12,0.31,0.19,-38.70967741935484,42.10526315789473,0.0,5.263157894736836,1,1,-25.92592592592593,0.12499999999999988,-12.903225806451601,-38.70967741935484,False,SCORED_WINDOW
AMC15-014,O:AMC260904C00002500,CALL,2.5,2026-09-04,30,0.0,HOLDOUT,ENTRY_FORMING,2026-08-07T20:00:00+00:00,2026-08-07T19:45:00+00:00,12,1,30,False,True,69,3.200000000000003,28,D3,78,1786477500000,UNDERLYING_DATA_END,True,30,0.31,0.19,-38.70967741935484,89.4736842105263,-15.789473684210531,-10.526315789473683,14,28,-52.77777777777777,-0.11764705882352942,16.129032258064502,-48.38709677419355,True,SCORED_RIGHT_CENSORED
AMC15-014,O:AMC260904C00002500,CALL,2.5,2026-09-04,30,0.0,HOLDOUT,ENTRY_FORMING,2026-08-07T20:00:00+00:00,2026-08-07T19:45:00+00:00,12,1,30,False,True,69,3.200000000000003,28,D5,130,1786477500000,UNDERLYING_DATA_END,True,30,0.31,0.19,-38.70967741935484,89.4736842105263,-15.789473684210531,-10.526315789473683,14,28,-52.77777777777777,-0.11764705882352942,16.129032258064502,-48.38709677419355,True,SCORED_RIGHT_CENSORED
AMC15-014,O:AMC260904C00002500,CALL,2.5,2026-09-04,30,0.0,HOLDOUT,ENTRY_FORMING,2026-08-07T20:00:00+00:00,2026-08-07T19:45:00+00:00,12,1,30,False,True,69,3.200000000000003,28,D10,260,1786477500000,UNDERLYING_DATA_END,True,30,0.31,0.19,-38.70967741935484,89.4736842105263,-15.789473684210531,-10.526315789473683,14,28,-52.77777777777777,-0.11764705882352942,16.129032258064502,-48.38709677419355,True,SCORED_RIGHT_CENSORED
AMC15-014,O:AMC260821P00002500,PUT,2.5,2026-08-21,14,0.0,HOLDOUT,ENTRY_FORMING,2026-08-07T20:00:00+00:00,2026-08-07T19:45:00+00:00,150,1,49,False,True,250,-3.200000000000003,14,H1,4,1786371300000,,False,4,0.15,0.09,-40.0,133.33333333333334,0.0,122.22222222222223,4,1,-4.761904761904756,0.9166666666666666,39.99999999999999,-40.0,False,SCORED_WINDOW
AMC15-014,O:AMC260821P00002500,PUT,2.5,2026-08-21,14,0.0,HOLDOUT,ENTRY_FORMING,2026-08-07T20:00:00+00:00,2026-08-07T19:45:00+00:00,150,1,49,False,True,250,-3.200000000000003,14,D1,26,1786391100000,,False,26,0.15,0.09,-40.0,144.44444444444446,0.0,111.11111111111111,7,1,-13.636363636363635,0.7692307692307692,46.66666666666668,-40.0,False,SCORED_WINDOW
AMC15-014,O:AMC260821P00002500,PUT,2.5,2026-08-21,14,0.0,HOLDOUT,ENTRY_FORMING,2026-08-07T20:00:00+00:00,2026-08-07T19:45:00+00:00,150,1,49,False,True,250,-3.200000000000003,14,D3,78,1786477500000,UNDERLYING_DATA_END,True,49,0.15,0.09,-40.0,144.44444444444446,0.0,122.22222222222223,7,1,-9.090909090909083,0.8461538461538461,46.66666666666668,-40.0,False,SCORED_RIGHT_CENSORED
AMC15-014,O:AMC260821P00002500,PUT,2.5,2026-08-21,14,0.0,HOLDOUT,ENTRY_FORMING,2026-08-07T20:00:00+00:00,2026-08-07T19:45:00+00:00,150,1,49,False,True,250,-3.200000000000003,14,D5,130,1786477500000,UNDERLYING_DATA_END,True,49,0.15,0.09,-40.0,144.44444444444446,0.0,122.22222222222223,7,1,-9.090909090909083,0.8461538461538461,46.66666666666668,-40.0,False,SCORED_RIGHT_CENSORED
AMC15-014,O:AMC260821P00002500,PUT,2.5,2026-08-21,14,0.0,HOLDOUT,ENTRY_FORMING,2026-08-07T20:00:00+00:00,2026-08-07T19:45:00+00:00,150,1,49,False,True,250,-3.200000000000003,14,D10,260,1786477500000,UNDERLYING_DATA_END,True,49,0.15,0.09,-40.0,144.44444444444446,0.0,122.22222222222223,7,1,-9.090909090909083,0.8461538461538461,46.66666666666668,-40.0,False,SCORED_RIGHT_CENSORED
AMC15-014,O:AMC260904P00002500,PUT,2.5,2026-09-04,30,0.0,HOLDOUT,ENTRY_FORMING,2026-08-07T20:00:00+00:00,2026-08-07T19:45:00+00:00,5,0,21,False,False,41,-3.200000000000003,28,H1,4,1786371300000,,False,,,,,,,,,,,,,,,UNSCORED_SIGNAL_BAR_ABSENT
AMC15-014,O:AMC260904P00002500,PUT,2.5,2026-09-04,30,0.0,HOLDOUT,ENTRY_FORMING,2026-08-07T20:00:00+00:00,2026-08-07T19:45:00+00:00,5,0,21,False,False,41,-3.200000000000003,28,D1,26,1786391100000,,False,,,,,,,,,,,,,,,UNSCORED_SIGNAL_BAR_ABSENT
AMC15-014,O:AMC260904P00002500,PUT,2.5,2026-09-04,30,0.0,HOLDOUT,ENTRY_FORMING,2026-08-07T20:00:00+00:00,2026-08-07T19:45:00+00:00,5,0,21,False,False,41,-3.200000000000003,28,D3,78,1786477500000,UNDERLYING_DATA_END,True,,,,,,,,,,,,,,,UNSCORED_SIGNAL_BAR_ABSENT
AMC15-014,O:AMC260904P00002500,PUT,2.5,2026-09-04,30,0.0,HOLDOUT,ENTRY_FORMING,2026-08-07T20:00:00+00:00,2026-08-07T19:45:00+00:00,5,0,21,False,False,41,-3.200000000000003,28,D5,130,1786477500000,UNDERLYING_DATA_END,True,,,,,,,,,,,,,,,UNSCORED_SIGNAL_BAR_ABSENT
AMC15-014,O:AMC260904P00002500,PUT,2.5,2026-09-04,30,0.0,HOLDOUT,ENTRY_FORMING,2026-08-07T20:00:00+00:00,2026-08-07T19:45:00+00:00,5,0,21,False,False,41,-3.200000000000003,28,D10,260,1786477500000,UNDERLYING_DATA_END,True,,,,,,,,,,,,,,,UNSCORED_SIGNAL_BAR_ABSENT
AMC15-015,O:AMC260828C00002500,CALL,2.5,2026-08-28,14,0.0,HOLDOUT,CONTINUATION,2026-08-11T14:00:00+00:00,2026-08-11T13:45:00+00:00,30,1,16,False,True,92,-1.3119999999999976,17,H1,4,1786459500000,,False,2,0.2,0.2,0.0,0.0,-10.000000000000009,-5.000000000000004,1,2,-5.000000000000004,,0.0,-10.000000000000009,True,SCORED_WINDOW
AMC15-015,O:AMC260828C00002500,CALL,2.5,2026-08-28,14,0.0,HOLDOUT,CONTINUATION,2026-08-11T14:00:00+00:00,2026-08-11T13:45:00+00:00,30,1,16,False,True,92,-1.3119999999999976,17,D1,26,1786477500000,UNDERLYING_DATA_END,True,16,0.2,0.2,0.0,0.0,-29.999999999999993,-25.00000000000001,1,13,-25.00000000000001,,0.0,-29.999999999999993,True,SCORED_RIGHT_CENSORED
AMC15-015,O:AMC260828C00002500,CALL,2.5,2026-08-28,14,0.0,HOLDOUT,CONTINUATION,2026-08-11T14:00:00+00:00,2026-08-11T13:45:00+00:00,30,1,16,False,True,92,-1.3119999999999976,17,D3,78,1786477500000,UNDERLYING_DATA_END,True,16,0.2,0.2,0.0,0.0,-29.999999999999993,-25.00000000000001,1,13,-25.00000000000001,,0.0,-29.999999999999993,True,SCORED_RIGHT_CENSORED
AMC15-015,O:AMC260828C00002500,CALL,2.5,2026-08-28,14,0.0,HOLDOUT,CONTINUATION,2026-08-11T14:00:00+00:00,2026-08-11T13:45:00+00:00,30,1,16,False,True,92,-1.3119999999999976,17,D5,130,1786477500000,UNDERLYING_DATA_END,True,16,0.2,0.2,0.0,0.0,-29.999999999999993,-25.00000000000001,1,13,-25.00000000000001,,0.0,-29.999999999999993,True,SCORED_RIGHT_CENSORED
AMC15-015,O:AMC260828C00002500,CALL,2.5,2026-08-28,14,0.0,HOLDOUT,CONTINUATION,2026-08-11T14:00:00+00:00,2026-08-11T13:45:00+00:00,30,1,16,False,True,92,-1.3119999999999976,17,D10,260,1786477500000,UNDERLYING_DATA_END,True,16,0.2,0.2,0.0,0.0,-29.999999999999993,-25.00000000000001,1,13,-25.00000000000001,,0.0,-29.999999999999993,True,SCORED_RIGHT_CENSORED
AMC15-015,O:AMC260911C00002500,CALL,2.5,2026-09-11,30,0.0,HOLDOUT,CONTINUATION,2026-08-11T14:00:00+00:00,2026-08-11T13:45:00+00:00,21,1,5,False,True,50,-1.3119999999999976,31,H1,4,1786459500000,,False,1,0.25,0.29,15.999999999999993,0.0,0.0,0.0,1,1,0.0,,15.999999999999993,15.999999999999993,False,SCORED_WINDOW
AMC15-015,O:AMC260911C00002500,CALL,2.5,2026-09-11,30,0.0,HOLDOUT,CONTINUATION,2026-08-11T14:00:00+00:00,2026-08-11T13:45:00+00:00,21,1,5,False,True,50,-1.3119999999999976,31,D1,26,1786477500000,UNDERLYING_DATA_END,True,5,0.25,0.29,15.999999999999993,0.0,-27.586206896551722,-10.344827586206884,1,3,-10.344827586206884,,15.999999999999993,-16.000000000000004,True,SCORED_RIGHT_CENSORED
AMC15-015,O:AMC260911C00002500,CALL,2.5,2026-09-11,30,0.0,HOLDOUT,CONTINUATION,2026-08-11T14:00:00+00:00,2026-08-11T13:45:00+00:00,21,1,5,False,True,50,-1.3119999999999976,31,D3,78,1786477500000,UNDERLYING_DATA_END,True,5,0.25,0.29,15.999999999999993,0.0,-27.586206896551722,-10.344827586206884,1,3,-10.344827586206884,,15.999999999999993,-16.000000000000004,True,SCORED_RIGHT_CENSORED
AMC15-015,O:AMC260911C00002500,CALL,2.5,2026-09-11,30,0.0,HOLDOUT,CONTINUATION,2026-08-11T14:00:00+00:00,2026-08-11T13:45:00+00:00,21,1,5,False,True,50,-1.3119999999999976,31,D5,130,1786477500000,UNDERLYING_DATA_END,True,5,0.25,0.29,15.999999999999993,0.0,-27.586206896551722,-10.344827586206884,1,3,-10.344827586206884,,15.999999999999993,-16.000000000000004,True,SCORED_RIGHT_CENSORED
AMC15-015,O:AMC260911C00002500,CALL,2.5,2026-09-11,30,0.0,HOLDOUT,CONTINUATION,2026-08-11T14:00:00+00:00,2026-08-11T13:45:00+00:00,21,1,5,False,True,50,-1.3119999999999976,31,D10,260,1786477500000,UNDERLYING_DATA_END,True,5,0.25,0.29,15.999999999999993,0.0,-27.586206896551722,-10.344827586206884,1,3,-10.344827586206884,,15.999999999999993,-16.000000000000004,True,SCORED_RIGHT_CENSORED
AMC15-015,O:AMC260828P00002500,PUT,2.5,2026-08-28,14,0.0,HOLDOUT,CONTINUATION,2026-08-11T14:00:00+00:00,2026-08-11T13:45:00+00:00,17,0,5,False,False,41,1.3119999999999976,17,H1,4,1786459500000,,False,,,,,,,,,,,,,,,UNSCORED_SIGNAL_BAR_ABSENT
AMC15-015,O:AMC260828P00002500,PUT,2.5,2026-08-28,14,0.0,HOLDOUT,CONTINUATION,2026-08-11T14:00:00+00:00,2026-08-11T13:45:00+00:00,17,0,5,False,False,41,1.3119999999999976,17,D1,26,1786477500000,UNDERLYING_DATA_END,True,,,,,,,,,,,,,,,UNSCORED_SIGNAL_BAR_ABSENT
AMC15-015,O:AMC260828P00002500,PUT,2.5,2026-08-28,14,0.0,HOLDOUT,CONTINUATION,2026-08-11T14:00:00+00:00,2026-08-11T13:45:00+00:00,17,0,5,False,False,41,1.3119999999999976,17,D3,78,1786477500000,UNDERLYING_DATA_END,True,,,,,,,,,,,,,,,UNSCORED_SIGNAL_BAR_ABSENT
AMC15-015,O:AMC260828P00002500,PUT,2.5,2026-08-28,14,0.0,HOLDOUT,CONTINUATION,2026-08-11T14:00:00+00:00,2026-08-11T13:45:00+00:00,17,0,5,False,False,41,1.3119999999999976,17,D5,130,1786477500000,UNDERLYING_DATA_END,True,,,,,,,,,,,,,,,UNSCORED_SIGNAL_BAR_ABSENT
AMC15-015,O:AMC260828P00002500,PUT,2.5,2026-08-28,14,0.0,HOLDOUT,CONTINUATION,2026-08-11T14:00:00+00:00,2026-08-11T13:45:00+00:00,17,0,5,False,False,41,1.3119999999999976,17,D10,260,1786477500000,UNDERLYING_DATA_END,True,,,,,,,,,,,,,,,UNSCORED_SIGNAL_BAR_ABSENT
AMC15-015,O:AMC260911P00002500,PUT,2.5,2026-09-11,30,0.0,HOLDOUT,CONTINUATION,2026-08-11T14:00:00+00:00,2026-08-11T13:45:00+00:00,7,0,2,False,False,10,1.3119999999999976,31,H1,4,1786459500000,,False,,,,,,,,,,,,,,,UNSCORED_SIGNAL_BAR_ABSENT
AMC15-015,O:AMC260911P00002500,PUT,2.5,2026-09-11,30,0.0,HOLDOUT,CONTINUATION,2026-08-11T14:00:00+00:00,2026-08-11T13:45:00+00:00,7,0,2,False,False,10,1.3119999999999976,31,D1,26,1786477500000,UNDERLYING_DATA_END,True,,,,,,,,,,,,,,,UNSCORED_SIGNAL_BAR_ABSENT
AMC15-015,O:AMC260911P00002500,PUT,2.5,2026-09-11,30,0.0,HOLDOUT,CONTINUATION,2026-08-11T14:00:00+00:00,2026-08-11T13:45:00+00:00,7,0,2,False,False,10,1.3119999999999976,31,D3,78,1786477500000,UNDERLYING_DATA_END,True,,,,,,,,,,,,,,,UNSCORED_SIGNAL_BAR_ABSENT
AMC15-015,O:AMC260911P00002500,PUT,2.5,2026-09-11,30,0.0,HOLDOUT,CONTINUATION,2026-08-11T14:00:00+00:00,2026-08-11T13:45:00+00:00,7,0,2,False,False,10,1.3119999999999976,31,D5,130,1786477500000,UNDERLYING_DATA_END,True,,,,,,,,,,,,,,,UNSCORED_SIGNAL_BAR_ABSENT
AMC15-015,O:AMC260911P00002500,PUT,2.5,2026-09-11,30,0.0,HOLDOUT,CONTINUATION,2026-08-11T14:00:00+00:00,2026-08-11T13:45:00+00:00,7,0,2,False,False,10,1.3119999999999976,31,D10,260,1786477500000,UNDERLYING_DATA_END,True,,,,,,,,,,,,,,,UNSCORED_SIGNAL_BAR_ABSENT
AMC15-016,O:AMC260828C00002500,CALL,2.5,2026-08-28,14,0.0,HOLDOUT,THESIS_PRESSURE,2026-08-11T17:15:00+00:00,2026-08-11T17:00:00+00:00,38,1,8,False,True,92,-3.200000000000003,17,H1,4,1786471200000,,False,3,0.16,0.16,0.0,0.0,-6.25,0.0,1,2,0.0,,0.0,-6.25,True,SCORED_WINDOW
AMC15-016,O:AMC260828C00002500,CALL,2.5,2026-08-28,14,0.0,HOLDOUT,THESIS_PRESSURE,2026-08-11T17:15:00+00:00,2026-08-11T17:00:00+00:00,38,1,8,False,True,92,-3.200000000000003,17,D1,26,1786477500000,UNDERLYING_DATA_END,True,8,0.16,0.16,0.0,0.0,-12.49999999999999,-6.25,1,5,-6.25,,0.0,-12.49999999999999,True,SCORED_RIGHT_CENSORED
AMC15-016,O:AMC260828C00002500,CALL,2.5,2026-08-28,14,0.0,HOLDOUT,THESIS_PRESSURE,2026-08-11T17:15:00+00:00,2026-08-11T17:00:00+00:00,38,1,8,False,True,92,-3.200000000000003,17,D3,78,1786477500000,UNDERLYING_DATA_END,True,8,0.16,0.16,0.0,0.0,-12.49999999999999,-6.25,1,5,-6.25,,0.0,-12.49999999999999,True,SCORED_RIGHT_CENSORED
AMC15-016,O:AMC260828C00002500,CALL,2.5,2026-08-28,14,0.0,HOLDOUT,THESIS_PRESSURE,2026-08-11T17:15:00+00:00,2026-08-11T17:00:00+00:00,38,1,8,False,True,92,-3.200000000000003,17,D5,130,1786477500000,UNDERLYING_DATA_END,True,8,0.16,0.16,0.0,0.0,-12.49999999999999,-6.25,1,5,-6.25,,0.0,-12.49999999999999,True,SCORED_RIGHT_CENSORED
AMC15-016,O:AMC260828C00002500,CALL,2.5,2026-08-28,14,0.0,HOLDOUT,THESIS_PRESSURE,2026-08-11T17:15:00+00:00,2026-08-11T17:00:00+00:00,38,1,8,False,True,92,-3.200000000000003,17,D10,260,1786477500000,UNDERLYING_DATA_END,True,8,0.16,0.16,0.0,0.0,-12.49999999999999,-6.25,1,5,-6.25,,0.0,-12.49999999999999,True,SCORED_RIGHT_CENSORED
AMC15-016,O:AMC260911C00002500,CALL,2.5,2026-09-11,30,0.0,HOLDOUT,THESIS_PRESSURE,2026-08-11T17:15:00+00:00,2026-08-11T17:00:00+00:00,26,0,1,False,False,50,-3.200000000000003,31,H1,4,1786471200000,,False,,,,,,,,,,,,,,,UNSCORED_SIGNAL_BAR_ABSENT
AMC15-016,O:AMC260911C00002500,CALL,2.5,2026-09-11,30,0.0,HOLDOUT,THESIS_PRESSURE,2026-08-11T17:15:00+00:00,2026-08-11T17:00:00+00:00,26,0,1,False,False,50,-3.200000000000003,31,D1,26,1786477500000,UNDERLYING_DATA_END,True,,,,,,,,,,,,,,,UNSCORED_SIGNAL_BAR_ABSENT
AMC15-016,O:AMC260911C00002500,CALL,2.5,2026-09-11,30,0.0,HOLDOUT,THESIS_PRESSURE,2026-08-11T17:15:00+00:00,2026-08-11T17:00:00+00:00,26,0,1,False,False,50,-3.200000000000003,31,D3,78,1786477500000,UNDERLYING_DATA_END,True,,,,,,,,,,,,,,,UNSCORED_SIGNAL_BAR_ABSENT
AMC15-016,O:AMC260911C00002500,CALL,2.5,2026-09-11,30,0.0,HOLDOUT,THESIS_PRESSURE,2026-08-11T17:15:00+00:00,2026-08-11T17:00:00+00:00,26,0,1,False,False,50,-3.200000000000003,31,D5,130,1786477500000,UNDERLYING_DATA_END,True,,,,,,,,,,,,,,,UNSCORED_SIGNAL_BAR_ABSENT
AMC15-016,O:AMC260911C00002500,CALL,2.5,2026-09-11,30,0.0,HOLDOUT,THESIS_PRESSURE,2026-08-11T17:15:00+00:00,2026-08-11T17:00:00+00:00,26,0,1,False,False,50,-3.200000000000003,31,D10,260,1786477500000,UNDERLYING_DATA_END,True,,,,,,,,,,,,,,,UNSCORED_SIGNAL_BAR_ABSENT
AMC15-016,O:AMC260828P00002500,PUT,2.5,2026-08-28,14,0.0,HOLDOUT,THESIS_PRESSURE,2026-08-11T17:15:00+00:00,2026-08-11T17:00:00+00:00,18,1,3,False,True,41,3.200000000000003,17,H1,4,1786471200000,,False,2,0.23,0.24,4.347826086956519,0.0,0.0,0.0,1,1,0.0,,4.347826086956519,4.347826086956519,False,SCORED_WINDOW
AMC15-016,O:AMC260828P00002500,PUT,2.5,2026-08-28,14,0.0,HOLDOUT,THESIS_PRESSURE,2026-08-11T17:15:00+00:00,2026-08-11T17:00:00+00:00,18,1,3,False,True,41,3.200000000000003,17,D1,26,1786477500000,UNDERLYING_DATA_END,True,3,0.23,0.24,4.347826086956519,4.166666666666674,0.0,4.166666666666674,3,1,0.0,1.0,8.695652173913038,4.347826086956519,False,SCORED_RIGHT_CENSORED
AMC15-016,O:AMC260828P00002500,PUT,2.5,2026-08-28,14,0.0,HOLDOUT,THESIS_PRESSURE,2026-08-11T17:15:00+00:00,2026-08-11T17:00:00+00:00,18,1,3,False,True,41,3.200000000000003,17,D3,78,1786477500000,UNDERLYING_DATA_END,True,3,0.23,0.24,4.347826086956519,4.166666666666674,0.0,4.166666666666674,3,1,0.0,1.0,8.695652173913038,4.347826086956519,False,SCORED_RIGHT_CENSORED
AMC15-016,O:AMC260828P00002500,PUT,2.5,2026-08-28,14,0.0,HOLDOUT,THESIS_PRESSURE,2026-08-11T17:15:00+00:00,2026-08-11T17:00:00+00:00,18,1,3,False,True,41,3.200000000000003,17,D5,130,1786477500000,UNDERLYING_DATA_END,True,3,0.23,0.24,4.347826086956519,4.166666666666674,0.0,4.166666666666674,3,1,0.0,1.0,8.695652173913038,4.347826086956519,False,SCORED_RIGHT_CENSORED
AMC15-016,O:AMC260828P00002500,PUT,2.5,2026-08-28,14,0.0,HOLDOUT,THESIS_PRESSURE,2026-08-11T17:15:00+00:00,2026-08-11T17:00:00+00:00,18,1,3,False,True,41,3.200000000000003,17,D10,260,1786477500000,UNDERLYING_DATA_END,True,3,0.23,0.24,4.347826086956519,4.166666666666674,0.0,4.166666666666674,3,1,0.0,1.0,8.695652173913038,4.347826086956519,False,SCORED_RIGHT_CENSORED
AMC15-016,O:AMC260911P00002500,PUT,2.5,2026-09-11,30,0.0,HOLDOUT,THESIS_PRESSURE,2026-08-11T17:15:00+00:00,2026-08-11T17:00:00+00:00,9,0,0,False,False,10,3.200000000000003,31,H1,4,1786471200000,,False,,,,,,,,,,,,,,,UNSCORED_SIGNAL_BAR_ABSENT
AMC15-016,O:AMC260911P00002500,PUT,2.5,2026-09-11,30,0.0,HOLDOUT,THESIS_PRESSURE,2026-08-11T17:15:00+00:00,2026-08-11T17:00:00+00:00,9,0,0,False,False,10,3.200000000000003,31,D1,26,1786477500000,UNDERLYING_DATA_END,True,,,,,,,,,,,,,,,UNSCORED_SIGNAL_BAR_ABSENT
AMC15-016,O:AMC260911P00002500,PUT,2.5,2026-09-11,30,0.0,HOLDOUT,THESIS_PRESSURE,2026-08-11T17:15:00+00:00,2026-08-11T17:00:00+00:00,9,0,0,False,False,10,3.200000000000003,31,D3,78,1786477500000,UNDERLYING_DATA_END,True,,,,,,,,,,,,,,,UNSCORED_SIGNAL_BAR_ABSENT
AMC15-016,O:AMC260911P00002500,PUT,2.5,2026-09-11,30,0.0,HOLDOUT,THESIS_PRESSURE,2026-08-11T17:15:00+00:00,2026-08-11T17:00:00+00:00,9,0,0,False,False,10,3.200000000000003,31,D5,130,1786477500000,UNDERLYING_DATA_END,True,,,,,,,,,,,,,,,UNSCORED_SIGNAL_BAR_ABSENT
AMC15-016,O:AMC260911P00002500,PUT,2.5,2026-09-11,30,0.0,HOLDOUT,THESIS_PRESSURE,2026-08-11T17:15:00+00:00,2026-08-11T17:00:00+00:00,9,0,0,False,False,10,3.200000000000003,31,D10,260,1786477500000,UNDERLYING_DATA_END,True,,,,,,,,,,,,,,,UNSCORED_SIGNAL_BAR_ABSENT
