snapshot_id,episode_id,entry_anchor_id,ticker,partition,contract_type,dte_target,moneyness_target,snapshot_event_family,snapshot_signal_bar_open_utc,snapshot_decision_available_utc,H1__status,H1__censor_reason,H1__complete,H1__observed_bars,H1__cutoff_time_ms,H1__mfe_pct,H1__mae_pct,H1__terminal_return_pct,H1__bars_to_peak,H1__bars_to_trough,H1__peak_to_terminal_giveback_pct,H1__gain_retention,H1__decision_close_mfe_pct,H1__decision_close_mae_pct,D1__status,D1__censor_reason,D1__complete,D1__observed_bars,D1__cutoff_time_ms,D1__mfe_pct,D1__mae_pct,D1__terminal_return_pct,D1__bars_to_peak,D1__bars_to_trough,D1__peak_to_terminal_giveback_pct,D1__gain_retention,D1__decision_close_mfe_pct,D1__decision_close_mae_pct,D3__status,D3__censor_reason,D3__complete,D3__observed_bars,D3__cutoff_time_ms,D3__mfe_pct,D3__mae_pct,D3__terminal_return_pct,D3__bars_to_peak,D3__bars_to_trough,D3__peak_to_terminal_giveback_pct,D3__gain_retention,D3__decision_close_mfe_pct,D3__decision_close_mae_pct,D5__status,D5__censor_reason,D5__complete,D5__observed_bars,D5__cutoff_time_ms,D5__mfe_pct,D5__mae_pct,D5__terminal_return_pct,D5__bars_to_peak,D5__bars_to_trough,D5__peak_to_terminal_giveback_pct,D5__gain_retention,D5__decision_close_mfe_pct,D5__decision_close_mae_pct,D10__status,D10__censor_reason,D10__complete,D10__observed_bars,D10__cutoff_time_ms,D10__mfe_pct,D10__mae_pct,D10__terminal_return_pct,D10__bars_to_peak,D10__bars_to_trough,D10__peak_to_terminal_giveback_pct,D10__gain_retention,D10__decision_close_mfe_pct,D10__decision_close_mae_pct
OPT-LONG-337a6d74e073a67f:1770398100000,OPT-LONG-337a6d74e073a67f,AMC15-009,O:AMC260220P00001500,HOLDOUT,PUT,14,0.0,CONTINUATION,2026-02-06T17:15:00+00:00,2026-02-06T17:30:00+00:00,SCORED_WINDOW,,True,2,1770401700000,0.0,-16.666666666666664,-8.333333333333325,1.0,1.0,-8.333333333333325,,0.0,-16.666666666666664,SCORED_WINDOW,,True,15,1770657300000,83.33333333333334,-25.0,41.66666666666667,9.0,6.0,-22.72727272727272,0.5,83.33333333333334,-25.0,SCORED_WINDOW,,True,45,1770830100000,100.0,-25.0,91.66666666666667,37.0,6.0,-4.1666666666666625,0.9166666666666667,100.0,-25.0,SCORED_WINDOW,,True,81,1771002900000,166.66666666666669,-25.0,100.0,69.0,6.0,-25.0,0.6,166.66666666666669,-25.0,SCORED_RIGHT_CENSORED,CONTRACT_EXPIRY,False,89,1771866900000,,,,,,,,,
OPT-LONG-337a6d74e073a67f:1770650100000,OPT-LONG-337a6d74e073a67f,AMC15-009,O:AMC260220P00001500,HOLDOUT,PUT,14,0.0,THESIS_PRESSURE,2026-02-09T15:15:00+00:00,2026-02-09T15:30:00+00:00,SCORED_WINDOW,,True,2,1770653700000,0.0,-5.5555555555555465,0.0,1.0,2.0,0.0,,0.0,-5.5555555555555465,SCORED_WINDOW,,True,17,1770736500000,16.666666666666675,-11.111111111111105,11.111111111111116,15.0,3.0,-4.761904761904756,0.6666666666666666,16.666666666666675,-11.111111111111105,SCORED_WINDOW,,True,44,1770909300000,44.444444444444464,-11.111111111111105,44.444444444444464,42.0,3.0,0.0,1.0,44.444444444444464,-11.111111111111105,SCORED_WINDOW,,True,78,1771341300000,77.77777777777779,-11.111111111111105,55.55555555555558,58.0,3.0,-12.49999999999999,0.7142857142857145,77.77777777777779,-11.111111111111105,SCORED_RIGHT_CENSORED,CONTRACT_EXPIRY,False,78,1771946100000,,,,,,,,,
OPT-LONG-337a6d74e073a67f:1770820200000,OPT-LONG-337a6d74e073a67f,AMC15-009,O:AMC260220P00001500,HOLDOUT,PUT,14,0.0,THESIS_PRESSURE,2026-02-11T14:30:00+00:00,2026-02-11T14:45:00+00:00,SCORED_WINDOW,,True,4,1770823800000,14.28571428571428,0.0,0.0,1.0,1.0,-12.5,0.0,14.28571428571428,0.0,SCORED_WINDOW,,True,17,1770906600000,23.809523809523814,0.0,9.523809523809534,17.0,1.0,-11.538461538461542,0.40000000000000036,23.809523809523814,0.0,SCORED_WINDOW,,True,53,1771338600000,52.380952380952394,-4.761904761904756,33.33333333333335,33.0,39.0,-12.49999999999999,0.6363636363636366,52.380952380952394,-4.761904761904756,SCORED_WINDOW,,True,53,1771511400000,52.380952380952394,-4.761904761904756,33.33333333333335,33.0,39.0,-12.49999999999999,0.6363636363636366,52.380952380952394,-4.761904761904756,SCORED_RIGHT_CENSORED,CONTRACT_EXPIRY,False,53,1772116200000,,,,,,,,,
OPT-LONG-337a6d74e073a67f:1770821100000,OPT-LONG-337a6d74e073a67f,AMC15-009,O:AMC260220P00001500,HOLDOUT,PUT,14,0.0,THESIS_PRESSURE,2026-02-11T14:45:00+00:00,2026-02-11T15:00:00+00:00,SCORED_WINDOW,,True,3,1770824700000,4.347826086956519,-8.695652173913048,-8.695652173913048,1.0,3.0,-12.5,-2.0000000000000027,9.090909090909083,-4.545454545454552,SCORED_WINDOW,,True,17,1770907500000,13.043478260869556,-8.695652173913048,8.695652173913038,16.0,3.0,-3.8461538461538547,0.6666666666666667,18.181818181818187,-4.545454545454552,SCORED_WINDOW,,True,52,1771339500000,39.13043478260869,-13.043478260869568,21.739130434782616,32.0,38.0,-12.49999999999999,0.5555555555555559,45.45454545454546,-9.090909090909083,SCORED_WINDOW,,True,52,1771512300000,39.13043478260869,-13.043478260869568,21.739130434782616,32.0,38.0,-12.49999999999999,0.5555555555555559,45.45454545454546,-9.090909090909083,SCORED_RIGHT_CENSORED,CONTRACT_EXPIRY,False,52,1772117100000,,,,,,,,,
OPT-LONG-3b8a07c5881290bf:1770650100000,OPT-LONG-3b8a07c5881290bf,AMC15-010,O:AMC260220C00001500,HOLDOUT,CALL,14,0.0,THESIS_PRESSURE,2026-02-09T15:15:00+00:00,2026-02-09T15:30:00+00:00,SCORED_WINDOW,,True,4,1770653700000,0.0,-20.000000000000007,0.0,1.0,1.0,0.0,,0.0,-20.000000000000007,SCORED_WINDOW,,True,26,1770736500000,0.0,-40.0,-40.0,1.0,23.0,-40.0,,0.0,-40.0,SCORED_WINDOW,,True,77,1770909300000,19.999999999999996,-60.00000000000001,-60.00000000000001,28.0,48.0,-66.66666666666666,-3.000000000000001,19.999999999999996,-60.00000000000001,SCORED_WINDOW,,True,124,1771341300000,19.999999999999996,-80.0,-60.00000000000001,28.0,94.0,-66.66666666666666,-3.000000000000001,19.999999999999996,-80.0,SCORED_RIGHT_CENSORED,CONTRACT_EXPIRY,False,124,1771946100000,,,,,,,,,
OPT-LONG-3b8a07c5881290bf:1770654600000,OPT-LONG-3b8a07c5881290bf,AMC15-010,O:AMC260220C00001500,HOLDOUT,CALL,14,0.0,THESIS_PRESSURE,2026-02-09T16:30:00+00:00,2026-02-09T16:45:00+00:00,SCORED_WINDOW,,True,4,1770658200000,0.0,-20.000000000000007,0.0,1.0,3.0,0.0,,0.0,-20.000000000000007,SCORED_WINDOW,,True,26,1770741000000,19.999999999999996,-40.0,-20.000000000000007,23.0,18.0,-33.33333333333333,-1.0000000000000004,19.999999999999996,-40.0,SCORED_WINDOW,,True,76,1770913800000,19.999999999999996,-60.00000000000001,-40.0,23.0,43.0,-50.0,-2.0000000000000004,19.999999999999996,-60.00000000000001,SCORED_WINDOW,,True,119,1771345800000,19.999999999999996,-80.0,-60.00000000000001,23.0,89.0,-66.66666666666666,-3.000000000000001,19.999999999999996,-80.0,SCORED_RIGHT_CENSORED,CONTRACT_EXPIRY,False,119,1771950600000,,,,,,,,,
OPT-LONG-3b8a07c5881290bf:1770741000000,OPT-LONG-3b8a07c5881290bf,AMC15-010,O:AMC260220C00001500,HOLDOUT,CALL,14,0.0,ENTRY_FORMING,2026-02-10T16:30:00+00:00,2026-02-10T16:45:00+00:00,SCORED_WINDOW,,True,4,1770744600000,25.0,0.0,0.0,1.0,1.0,-20.000000000000007,0.0,25.0,0.0,SCORED_WINDOW,,True,25,1770827400000,25.0,-50.0,-25.0,1.0,17.0,-40.0,-1.0,25.0,-50.0,SCORED_WINDOW,,True,76,1771000200000,25.0,-75.0,-25.0,1.0,63.0,-40.0,-1.0,25.0,-75.0,SCORED_WINDOW,,True,93,1771432200000,25.0,-75.0,-50.0,1.0,63.0,-60.00000000000001,-2.0,25.0,-75.0,SCORED_RIGHT_CENSORED,CONTRACT_EXPIRY,False,93,1772037000000,,,,,,,,,
OPT-LONG-3b8a07c5881290bf:1770749100000,OPT-LONG-3b8a07c5881290bf,AMC15-010,O:AMC260220C00001500,HOLDOUT,CALL,14,0.0,THESIS_PRESSURE,2026-02-10T18:45:00+00:00,2026-02-10T19:00:00+00:00,SCORED_WINDOW,,True,3,1770752700000,0.0,-25.0,-25.0,1.0,3.0,-25.0,,0.0,-25.0,SCORED_WINDOW,,True,25,1770835500000,25.0,-50.0,-50.0,8.0,8.0,-60.00000000000001,-2.0,25.0,-50.0,SCORED_WINDOW,,True,76,1771008300000,25.0,-75.0,-25.0,8.0,54.0,-40.0,-1.0,25.0,-75.0,SCORED_WINDOW,,True,84,1771440300000,25.0,-75.0,-50.0,8.0,54.0,-60.00000000000001,-2.0,25.0,-75.0,SCORED_RIGHT_CENSORED,CONTRACT_EXPIRY,False,84,1772045100000,,,,,,,,,
OPT-LONG-3b8a07c5881290bf:1770820200000,OPT-LONG-3b8a07c5881290bf,AMC15-010,O:AMC260220C00001500,HOLDOUT,CALL,14,0.0,THESIS_PRESSURE,2026-02-11T14:30:00+00:00,2026-02-11T14:45:00+00:00,SCORED_WINDOW,,True,4,1770823800000,0.0,-33.33333333333333,-33.33333333333333,1.0,1.0,-33.33333333333333,,0.0,-33.33333333333333,SCORED_WINDOW,,True,26,1770906600000,0.0,-33.33333333333333,0.0,1.0,1.0,0.0,,0.0,-33.33333333333333,SCORED_WINDOW,,True,76,1771338600000,33.33333333333335,-66.66666666666666,-33.33333333333333,70.0,46.0,-50.0,-0.9999999999999993,33.33333333333335,-66.66666666666666,SCORED_WINDOW,,True,76,1771511400000,33.33333333333335,-66.66666666666666,-33.33333333333333,70.0,46.0,-50.0,-0.9999999999999993,33.33333333333335,-66.66666666666666,SCORED_RIGHT_CENSORED,CONTRACT_EXPIRY,False,76,1772116200000,,,,,,,,,
OPT-LONG-3b8a07c5881290bf:1770821100000,OPT-LONG-3b8a07c5881290bf,AMC15-010,O:AMC260220C00001500,HOLDOUT,CALL,14,0.0,THESIS_PRESSURE,2026-02-11T14:45:00+00:00,2026-02-11T15:00:00+00:00,SCORED_WINDOW,,True,4,1770824700000,50.0,0.0,50.0,1.0,1.0,0.0,1.0,50.0,0.0,SCORED_WINDOW,,True,26,1770907500000,50.0,0.0,50.0,1.0,1.0,0.0,1.0,50.0,0.0,SCORED_WINDOW,,True,75,1771339500000,100.0,-50.0,0.0,69.0,45.0,-50.0,0.0,100.0,-50.0,SCORED_WINDOW,,True,75,1771512300000,100.0,-50.0,0.0,69.0,45.0,-50.0,0.0,100.0,-50.0,SCORED_RIGHT_CENSORED,CONTRACT_EXPIRY,False,75,1772117100000,,,,,,,,,
OPT-LONG-48181e79b2fd4500:1786464000000,OPT-LONG-48181e79b2fd4500,AMC15-015,O:AMC260828C00002500,HOLDOUT,CALL,14,0.0,THESIS_PRESSURE,2026-08-11T16:00:00+00:00,2026-08-11T16:15:00+00:00,SCORED_WINDOW,,True,2,1786467600000,0.0,-11.111111111111105,-11.111111111111105,1.0,2.0,-11.111111111111105,,12.5,0.0,SCORED_RIGHT_CENSORED,UNDERLYING_DATA_END,False,10,1786477500000,,,,,,,,,,SCORED_RIGHT_CENSORED,UNDERLYING_DATA_END,False,10,1786477500000,,,,,,,,,,SCORED_RIGHT_CENSORED,UNDERLYING_DATA_END,False,10,1786477500000,,,,,,,,,,SCORED_RIGHT_CENSORED,UNDERLYING_DATA_END,False,10,1786477500000,,,,,,,,,
OPT-LONG-48181e79b2fd4500:1786467600000,OPT-LONG-48181e79b2fd4500,AMC15-015,O:AMC260828C00002500,HOLDOUT,CALL,14,0.0,THESIS_PRESSURE,2026-08-11T17:00:00+00:00,2026-08-11T17:15:00+00:00,SCORED_WINDOW,,True,3,1786471200000,0.0,-6.25,0.0,1.0,2.0,0.0,,0.0,-6.25,SCORED_RIGHT_CENSORED,UNDERLYING_DATA_END,False,8,1786477500000,,,,,,,,,,SCORED_RIGHT_CENSORED,UNDERLYING_DATA_END,False,8,1786477500000,,,,,,,,,,SCORED_RIGHT_CENSORED,UNDERLYING_DATA_END,False,8,1786477500000,,,,,,,,,,SCORED_RIGHT_CENSORED,UNDERLYING_DATA_END,False,8,1786477500000,,,,,,,,,
OPT-LONG-51bcb1f7a3d1ae79:1770650100000,OPT-LONG-51bcb1f7a3d1ae79,AMC15-010,O:AMC260220P00001500,HOLDOUT,PUT,14,0.0,THESIS_PRESSURE,2026-02-09T15:15:00+00:00,2026-02-09T15:30:00+00:00,SCORED_WINDOW,,True,2,1770653700000,0.0,-5.5555555555555465,0.0,1.0,2.0,0.0,,0.0,-5.5555555555555465,SCORED_WINDOW,,True,17,1770736500000,16.666666666666675,-11.111111111111105,11.111111111111116,15.0,3.0,-4.761904761904756,0.6666666666666666,16.666666666666675,-11.111111111111105,SCORED_WINDOW,,True,44,1770909300000,44.444444444444464,-11.111111111111105,44.444444444444464,42.0,3.0,0.0,1.0,44.444444444444464,-11.111111111111105,SCORED_WINDOW,,True,78,1771341300000,77.77777777777779,-11.111111111111105,55.55555555555558,58.0,3.0,-12.49999999999999,0.7142857142857145,77.77777777777779,-11.111111111111105,SCORED_RIGHT_CENSORED,CONTRACT_EXPIRY,False,78,1771946100000,,,,,,,,,
OPT-LONG-51bcb1f7a3d1ae79:1770820200000,OPT-LONG-51bcb1f7a3d1ae79,AMC15-010,O:AMC260220P00001500,HOLDOUT,PUT,14,0.0,THESIS_PRESSURE,2026-02-11T14:30:00+00:00,2026-02-11T14:45:00+00:00,SCORED_WINDOW,,True,4,1770823800000,14.28571428571428,0.0,0.0,1.0,1.0,-12.5,0.0,14.28571428571428,0.0,SCORED_WINDOW,,True,17,1770906600000,23.809523809523814,0.0,9.523809523809534,17.0,1.0,-11.538461538461542,0.40000000000000036,23.809523809523814,0.0,SCORED_WINDOW,,True,53,1771338600000,52.380952380952394,-4.761904761904756,33.33333333333335,33.0,39.0,-12.49999999999999,0.6363636363636366,52.380952380952394,-4.761904761904756,SCORED_WINDOW,,True,53,1771511400000,52.380952380952394,-4.761904761904756,33.33333333333335,33.0,39.0,-12.49999999999999,0.6363636363636366,52.380952380952394,-4.761904761904756,SCORED_RIGHT_CENSORED,CONTRACT_EXPIRY,False,53,1772116200000,,,,,,,,,
OPT-LONG-51bcb1f7a3d1ae79:1770821100000,OPT-LONG-51bcb1f7a3d1ae79,AMC15-010,O:AMC260220P00001500,HOLDOUT,PUT,14,0.0,THESIS_PRESSURE,2026-02-11T14:45:00+00:00,2026-02-11T15:00:00+00:00,SCORED_WINDOW,,True,3,1770824700000,4.347826086956519,-8.695652173913048,-8.695652173913048,1.0,3.0,-12.5,-2.0000000000000027,9.090909090909083,-4.545454545454552,SCORED_WINDOW,,True,17,1770907500000,13.043478260869556,-8.695652173913048,8.695652173913038,16.0,3.0,-3.8461538461538547,0.6666666666666667,18.181818181818187,-4.545454545454552,SCORED_WINDOW,,True,52,1771339500000,39.13043478260869,-13.043478260869568,21.739130434782616,32.0,38.0,-12.49999999999999,0.5555555555555559,45.45454545454546,-9.090909090909083,SCORED_WINDOW,,True,52,1771512300000,39.13043478260869,-13.043478260869568,21.739130434782616,32.0,38.0,-12.49999999999999,0.5555555555555559,45.45454545454546,-9.090909090909083,SCORED_RIGHT_CENSORED,CONTRACT_EXPIRY,False,52,1772117100000,,,,,,,,,
OPT-LONG-736c78fc8c0427a2:1770398100000,OPT-LONG-736c78fc8c0427a2,AMC15-009,O:AMC260220C00001500,HOLDOUT,CALL,14,0.0,CONTINUATION,2026-02-06T17:15:00+00:00,2026-02-06T17:30:00+00:00,SCORED_WINDOW,,True,4,1770401700000,11.111111111111116,-11.111111111111105,0.0,2.0,1.0,-10.000000000000009,0.0,11.111111111111116,-11.111111111111105,SCORED_WINDOW,,True,26,1770657300000,11.111111111111116,-55.55555555555556,-55.55555555555556,2.0,15.0,-60.00000000000001,-4.999999999999998,11.111111111111116,-55.55555555555556,SCORED_WINDOW,,True,77,1770830100000,11.111111111111116,-77.77777777777779,-66.66666666666667,2.0,66.0,-70.0,-5.999999999999997,11.111111111111116,-77.77777777777779,SCORED_WINDOW,,True,128,1771002900000,11.111111111111116,-88.88888888888889,-66.66666666666667,2.0,112.0,-70.0,-5.999999999999997,11.111111111111116,-88.88888888888889,SCORED_RIGHT_CENSORED,CONTRACT_EXPIRY,False,142,1771866900000,,,,,,,,,
OPT-LONG-736c78fc8c0427a2:1770650100000,OPT-LONG-736c78fc8c0427a2,AMC15-009,O:AMC260220C00001500,HOLDOUT,CALL,14,0.0,THESIS_PRESSURE,2026-02-09T15:15:00+00:00,2026-02-09T15:30:00+00:00,SCORED_WINDOW,,True,4,1770653700000,0.0,-20.000000000000007,0.0,1.0,1.0,0.0,,0.0,-20.000000000000007,SCORED_WINDOW,,True,26,1770736500000,0.0,-40.0,-40.0,1.0,23.0,-40.0,,0.0,-40.0,SCORED_WINDOW,,True,77,1770909300000,19.999999999999996,-60.00000000000001,-60.00000000000001,28.0,48.0,-66.66666666666666,-3.000000000000001,19.999999999999996,-60.00000000000001,SCORED_WINDOW,,True,124,1771341300000,19.999999999999996,-80.0,-60.00000000000001,28.0,94.0,-66.66666666666666,-3.000000000000001,19.999999999999996,-80.0,SCORED_RIGHT_CENSORED,CONTRACT_EXPIRY,False,124,1771946100000,,,,,,,,,
OPT-LONG-736c78fc8c0427a2:1770654600000,OPT-LONG-736c78fc8c0427a2,AMC15-009,O:AMC260220C00001500,HOLDOUT,CALL,14,0.0,THESIS_PRESSURE,2026-02-09T16:30:00+00:00,2026-02-09T16:45:00+00:00,SCORED_WINDOW,,True,4,1770658200000,0.0,-20.000000000000007,0.0,1.0,3.0,0.0,,0.0,-20.000000000000007,SCORED_WINDOW,,True,26,1770741000000,19.999999999999996,-40.0,-20.000000000000007,23.0,18.0,-33.33333333333333,-1.0000000000000004,19.999999999999996,-40.0,SCORED_WINDOW,,True,76,1770913800000,19.999999999999996,-60.00000000000001,-40.0,23.0,43.0,-50.0,-2.0000000000000004,19.999999999999996,-60.00000000000001,SCORED_WINDOW,,True,119,1771345800000,19.999999999999996,-80.0,-60.00000000000001,23.0,89.0,-66.66666666666666,-3.000000000000001,19.999999999999996,-80.0,SCORED_RIGHT_CENSORED,CONTRACT_EXPIRY,False,119,1771950600000,,,,,,,,,
OPT-LONG-736c78fc8c0427a2:1770741000000,OPT-LONG-736c78fc8c0427a2,AMC15-009,O:AMC260220C00001500,HOLDOUT,CALL,14,0.0,ENTRY_FORMING,2026-02-10T16:30:00+00:00,2026-02-10T16:45:00+00:00,SCORED_WINDOW,,True,4,1770744600000,25.0,0.0,0.0,1.0,1.0,-20.000000000000007,0.0,25.0,0.0,SCORED_WINDOW,,True,25,1770827400000,25.0,-50.0,-25.0,1.0,17.0,-40.0,-1.0,25.0,-50.0,SCORED_WINDOW,,True,76,1771000200000,25.0,-75.0,-25.0,1.0,63.0,-40.0,-1.0,25.0,-75.0,SCORED_WINDOW,,True,93,1771432200000,25.0,-75.0,-50.0,1.0,63.0,-60.00000000000001,-2.0,25.0,-75.0,SCORED_RIGHT_CENSORED,CONTRACT_EXPIRY,False,93,1772037000000,,,,,,,,,
OPT-LONG-736c78fc8c0427a2:1770749100000,OPT-LONG-736c78fc8c0427a2,AMC15-009,O:AMC260220C00001500,HOLDOUT,CALL,14,0.0,THESIS_PRESSURE,2026-02-10T18:45:00+00:00,2026-02-10T19:00:00+00:00,SCORED_WINDOW,,True,3,1770752700000,0.0,-25.0,-25.0,1.0,3.0,-25.0,,0.0,-25.0,SCORED_WINDOW,,True,25,1770835500000,25.0,-50.0,-50.0,8.0,8.0,-60.00000000000001,-2.0,25.0,-50.0,SCORED_WINDOW,,True,76,1771008300000,25.0,-75.0,-25.0,8.0,54.0,-40.0,-1.0,25.0,-75.0,SCORED_WINDOW,,True,84,1771440300000,25.0,-75.0,-50.0,8.0,54.0,-60.00000000000001,-2.0,25.0,-75.0,SCORED_RIGHT_CENSORED,CONTRACT_EXPIRY,False,84,1772045100000,,,,,,,,,
OPT-LONG-736c78fc8c0427a2:1770820200000,OPT-LONG-736c78fc8c0427a2,AMC15-009,O:AMC260220C00001500,HOLDOUT,CALL,14,0.0,THESIS_PRESSURE,2026-02-11T14:30:00+00:00,2026-02-11T14:45:00+00:00,SCORED_WINDOW,,True,4,1770823800000,0.0,-33.33333333333333,-33.33333333333333,1.0,1.0,-33.33333333333333,,0.0,-33.33333333333333,SCORED_WINDOW,,True,26,1770906600000,0.0,-33.33333333333333,0.0,1.0,1.0,0.0,,0.0,-33.33333333333333,SCORED_WINDOW,,True,76,1771338600000,33.33333333333335,-66.66666666666666,-33.33333333333333,70.0,46.0,-50.0,-0.9999999999999993,33.33333333333335,-66.66666666666666,SCORED_WINDOW,,True,76,1771511400000,33.33333333333335,-66.66666666666666,-33.33333333333333,70.0,46.0,-50.0,-0.9999999999999993,33.33333333333335,-66.66666666666666,SCORED_RIGHT_CENSORED,CONTRACT_EXPIRY,False,76,1772116200000,,,,,,,,,
OPT-LONG-736c78fc8c0427a2:1770821100000,OPT-LONG-736c78fc8c0427a2,AMC15-009,O:AMC260220C00001500,HOLDOUT,CALL,14,0.0,THESIS_PRESSURE,2026-02-11T14:45:00+00:00,2026-02-11T15:00:00+00:00,SCORED_WINDOW,,True,4,1770824700000,50.0,0.0,50.0,1.0,1.0,0.0,1.0,50.0,0.0,SCORED_WINDOW,,True,26,1770907500000,50.0,0.0,50.0,1.0,1.0,0.0,1.0,50.0,0.0,SCORED_WINDOW,,True,75,1771339500000,100.0,-50.0,0.0,69.0,45.0,-50.0,0.0,100.0,-50.0,SCORED_WINDOW,,True,75,1771512300000,100.0,-50.0,0.0,69.0,45.0,-50.0,0.0,100.0,-50.0,SCORED_RIGHT_CENSORED,CONTRACT_EXPIRY,False,75,1772117100000,,,,,,,,,
OPT-LONG-803d4b5769c04927:1770650100000,OPT-LONG-803d4b5769c04927,AMC15-010,O:AMC260306C00001500,HOLDOUT,CALL,30,0.0,THESIS_PRESSURE,2026-02-09T15:15:00+00:00,2026-02-09T15:30:00+00:00,SCORED_WINDOW,,True,4,1770653700000,7.14285714285714,0.0,0.0,3.0,1.0,-6.666666666666654,0.0,7.14285714285714,0.0,SCORED_WINDOW,,True,20,1770736500000,7.14285714285714,-21.42857142857143,-21.42857142857143,3.0,19.0,-26.66666666666666,-3.0000000000000018,7.14285714285714,-21.42857142857143,SCORED_WINDOW,,True,48,1770909300000,7.14285714285714,-78.57142857142858,-42.85714285714286,3.0,25.0,-46.666666666666664,-6.0000000000000036,7.14285714285714,-78.57142857142858,SCORED_WINDOW,,True,82,1771341300000,7.14285714285714,-78.57142857142858,-50.0,3.0,25.0,-53.33333333333332,-7.0000000000000036,7.14285714285714,-78.57142857142858,SCORED_WINDOW,,True,195,1771946100000,7.14285714285714,-78.57142857142858,-71.42857142857143,3.0,25.0,-73.33333333333334,-10.000000000000005,7.14285714285714,-78.57142857142858
OPT-LONG-803d4b5769c04927:1770654600000,OPT-LONG-803d4b5769c04927,AMC15-010,O:AMC260306C00001500,HOLDOUT,CALL,30,0.0,THESIS_PRESSURE,2026-02-09T16:30:00+00:00,2026-02-09T16:45:00+00:00,SCORED_WINDOW,,True,3,1770658200000,0.0,-6.666666666666654,0.0,1.0,1.0,0.0,,7.14285714285714,0.0,SCORED_WINDOW,,True,19,1770741000000,0.0,-26.66666666666666,-13.33333333333333,1.0,14.0,-13.33333333333333,,7.14285714285714,-21.42857142857143,SCORED_WINDOW,,True,47,1770913800000,0.0,-80.0,-40.0,1.0,20.0,-40.0,,7.14285714285714,-78.57142857142858,SCORED_WINDOW,,True,82,1771345800000,0.0,-80.0,-53.33333333333332,1.0,20.0,-53.33333333333332,,7.14285714285714,-78.57142857142858,SCORED_WINDOW,,True,195,1771950600000,0.0,-80.0,-80.0,1.0,20.0,-80.0,,7.14285714285714,-78.57142857142858
OPT-LONG-803d4b5769c04927:1770741000000,OPT-LONG-803d4b5769c04927,AMC15-010,O:AMC260306C00001500,HOLDOUT,CALL,30,0.0,ENTRY_FORMING,2026-02-10T16:30:00+00:00,2026-02-10T16:45:00+00:00,SCORED_WINDOW,,True,1,1770744600000,333.33333333333337,0.0,333.33333333333337,1.0,1.0,0.0,1.0,0.0,-76.92307692307693,SCORED_WINDOW,,True,15,1770827400000,333.33333333333337,0.0,200.0,1.0,1.0,-30.76923076923077,0.6,0.0,-76.92307692307693,SCORED_WINDOW,,True,44,1771000200000,333.33333333333337,0.0,200.0,1.0,1.0,-30.76923076923077,0.6,0.0,-76.92307692307693,SCORED_WINDOW,,True,88,1771432200000,333.33333333333337,0.0,133.33333333333334,1.0,1.0,-46.153846153846146,0.39999999999999997,0.0,-76.92307692307693,SCORED_WINDOW,,True,202,1772037000000,333.33333333333337,-66.66666666666666,-33.33333333333333,1.0,199.0,-84.61538461538461,-0.09999999999999998,0.0,-92.3076923076923
OPT-LONG-803d4b5769c04927:1770749100000,OPT-LONG-803d4b5769c04927,AMC15-010,O:AMC260306C00001500,HOLDOUT,CALL,30,0.0,THESIS_PRESSURE,2026-02-10T18:45:00+00:00,2026-02-10T19:00:00+00:00,SCORED_WINDOW,,True,2,1770752700000,0.0,-7.692307692307699,-7.692307692307699,1.0,2.0,-7.692307692307699,,8.333333333333348,0.0,SCORED_WINDOW,,True,13,1770835500000,0.0,-30.76923076923077,-30.76923076923077,1.0,8.0,-30.76923076923077,,8.333333333333348,-25.0,SCORED_WINDOW,,True,46,1771008300000,0.0,-38.46153846153846,-38.46153846153846,1.0,17.0,-38.46153846153846,,8.333333333333348,-33.33333333333333,SCORED_WINDOW,,True,88,1771440300000,0.0,-53.846153846153854,-46.153846153846146,1.0,57.0,-46.153846153846146,,8.333333333333348,-50.0,SCORED_WINDOW,,True,206,1772045100000,0.0,-92.3076923076923,-92.3076923076923,1.0,194.0,-92.3076923076923,,8.333333333333348,-91.66666666666666
OPT-LONG-803d4b5769c04927:1770820200000,OPT-LONG-803d4b5769c04927,AMC15-010,O:AMC260306C00001500,HOLDOUT,CALL,30,0.0,THESIS_PRESSURE,2026-02-11T14:30:00+00:00,2026-02-11T14:45:00+00:00,SCORED_WINDOW,,True,4,1770823800000,0.0,-18.181818181818187,0.0,1.0,3.0,0.0,,0.0,-18.181818181818187,SCORED_WINDOW,,True,12,1770906600000,0.0,-27.27272727272727,-27.27272727272727,1.0,12.0,-27.27272727272727,,0.0,-27.27272727272727,SCORED_WINDOW,,True,45,1771338600000,0.0,-36.36363636363635,-36.36363636363635,1.0,43.0,-36.36363636363635,,0.0,-36.36363636363635,SCORED_WINDOW,,True,88,1771511400000,0.0,-54.54545454545454,-54.54545454545454,1.0,88.0,-54.54545454545454,,0.0,-54.54545454545454,SCORED_WINDOW,,True,210,1772116200000,0.0,-90.9090909090909,-81.81818181818181,1.0,189.0,-81.81818181818181,,0.0,-90.9090909090909
OPT-LONG-803d4b5769c04927:1770821100000,OPT-LONG-803d4b5769c04927,AMC15-010,O:AMC260306C00001500,HOLDOUT,CALL,30,0.0,THESIS_PRESSURE,2026-02-11T14:45:00+00:00,2026-02-11T15:00:00+00:00,SCORED_WINDOW,,True,3,1770824700000,9.999999999999986,-10.000000000000009,9.999999999999986,3.0,2.0,0.0,1.0,0.0,-18.181818181818187,SCORED_WINDOW,,True,12,1770907500000,9.999999999999986,-20.000000000000007,0.0,3.0,11.0,-9.090909090909083,0.0,0.0,-27.27272727272727,SCORED_WINDOW,,True,45,1771339500000,9.999999999999986,-29.999999999999993,-29.999999999999993,3.0,42.0,-36.36363636363635,-3.0000000000000036,0.0,-36.36363636363635,SCORED_WINDOW,,True,88,1771512300000,9.999999999999986,-50.0,-40.0,3.0,87.0,-45.45454545454546,-4.000000000000005,0.0,-54.54545454545454,SCORED_WINDOW,,True,210,1772117100000,9.999999999999986,-90.0,-80.0,3.0,188.0,-81.81818181818181,-8.00000000000001,0.0,-90.9090909090909
OPT-LONG-803d4b5769c04927:1771426800000,OPT-LONG-803d4b5769c04927,AMC15-010,O:AMC260306C00001500,HOLDOUT,CALL,30,0.0,ENTRY_FORMING,2026-02-18T15:00:00+00:00,2026-02-18T15:15:00+00:00,SCORED_WINDOW,,True,4,1771430400000,14.28571428571428,0.0,0.0,1.0,1.0,-12.49999999999999,0.0,14.28571428571428,0.0,SCORED_WINDOW,,True,18,1771513200000,14.28571428571428,-28.57142857142857,-28.57142857142857,1.0,16.0,-37.5,-2.000000000000001,14.28571428571428,-28.57142857142857,SCORED_WINDOW,,True,64,1771858800000,14.28571428571428,-57.14285714285715,-57.14285714285715,1.0,44.0,-62.5,-4.000000000000003,14.28571428571428,-57.14285714285715,SCORED_WINDOW,,True,114,1772031600000,14.28571428571428,-71.42857142857143,-71.42857142857143,1.0,100.0,-75.0,-5.000000000000003,14.28571428571428,-71.42857142857143,SCORED_WINDOW,,True,185,1772636400000,14.28571428571428,-85.71428571428572,-85.71428571428572,1.0,117.0,-87.5,-6.0000000000000036,14.28571428571428,-85.71428571428572
OPT-LONG-803d4b5769c04927:1771512300000,OPT-LONG-803d4b5769c04927,AMC15-010,O:AMC260306C00001500,HOLDOUT,CALL,30,0.0,CONTINUATION,2026-02-19T14:45:00+00:00,2026-02-19T15:00:00+00:00,SCORED_WINDOW,,True,3,1771515900000,0.0,-16.666666666666664,0.0,1.0,1.0,0.0,,0.0,-16.666666666666664,SCORED_WINDOW,,True,22,1771598700000,0.0,-33.33333333333333,-16.666666666666664,1.0,12.0,-16.666666666666664,,0.0,-33.33333333333333,SCORED_WINDOW,,True,70,1771944300000,0.0,-50.0,-50.0,1.0,27.0,-50.0,,0.0,-50.0,SCORED_WINDOW,,True,122,1772117100000,0.0,-83.33333333333333,-66.66666666666666,1.0,100.0,-66.66666666666666,,0.0,-83.33333333333333,SCORED_WINDOW,,True,168,1772721900000,0.0,-83.33333333333333,-83.33333333333333,1.0,100.0,-83.33333333333333,,0.0,-83.33333333333333
OPT-LONG-803d4b5769c04927:1771520400000,OPT-LONG-803d4b5769c04927,AMC15-010,O:AMC260306C00001500,HOLDOUT,CALL,30,0.0,THESIS_PRESSURE,2026-02-19T17:00:00+00:00,2026-02-19T17:15:00+00:00,SCORED_WINDOW,,True,3,1771524000000,0.0,0.0,0.0,1.0,1.0,0.0,,0.0,0.0,SCORED_WINDOW,,True,23,1771606800000,19.999999999999996,-40.0,0.0,4.0,20.0,-16.666666666666664,0.0,19.999999999999996,-40.0,SCORED_WINDOW,,True,72,1771952400000,19.999999999999996,-40.0,-20.000000000000007,4.0,20.0,-33.33333333333333,-1.0000000000000004,19.999999999999996,-40.0,SCORED_WINDOW,,True,124,1772125200000,19.999999999999996,-80.0,-60.00000000000001,4.0,93.0,-66.66666666666666,-3.000000000000001,19.999999999999996,-80.0,SCORED_WINDOW,,True,161,1772730000000,19.999999999999996,-80.0,-80.0,4.0,93.0,-83.33333333333333,-4.000000000000001,19.999999999999996,-80.0
OPT-LONG-803d4b5769c04927:1771524900000,OPT-LONG-803d4b5769c04927,AMC15-010,O:AMC260306C00001500,HOLDOUT,CALL,30,0.0,THESIS_PRESSURE,2026-02-19T18:15:00+00:00,2026-02-19T18:30:00+00:00,SCORED_WINDOW,,True,3,1771528500000,25.0,0.0,25.0,2.0,1.0,0.0,1.0,0.0,-20.000000000000007,SCORED_WINDOW,,True,24,1771611300000,50.0,-25.0,0.0,8.0,16.0,-33.33333333333333,0.0,19.999999999999996,-40.0,SCORED_WINDOW,,True,73,1771956900000,50.0,-50.0,-25.0,8.0,72.0,-50.0,-0.5,19.999999999999996,-60.00000000000001,SCORED_WINDOW,,True,125,1772129700000,50.0,-75.0,-75.0,8.0,89.0,-83.33333333333333,-1.5,19.999999999999996,-80.0,SCORED_WINDOW,,True,157,1772734500000,50.0,-75.0,-75.0,8.0,89.0,-83.33333333333333,-1.5,19.999999999999996,-80.0
OPT-LONG-803d4b5769c04927:1771532100000,OPT-LONG-803d4b5769c04927,AMC15-010,O:AMC260306C00001500,HOLDOUT,CALL,30,0.0,CONTINUATION,2026-02-19T20:15:00+00:00,2026-02-19T20:30:00+00:00,SCORED_WINDOW,,True,4,1771598700000,0.0,-33.33333333333333,-16.666666666666664,1.0,3.0,-16.666666666666664,,19.999999999999996,-20.000000000000007,SCORED_WINDOW,,True,24,1771618500000,0.0,-50.0,-16.666666666666664,1.0,9.0,-16.666666666666664,,19.999999999999996,-40.0,SCORED_WINDOW,,True,74,1771964100000,0.0,-66.66666666666666,-33.33333333333333,1.0,65.0,-33.33333333333333,,19.999999999999996,-60.00000000000001,SCORED_WINDOW,,True,125,1772136900000,0.0,-83.33333333333333,-83.33333333333333,1.0,82.0,-83.33333333333333,,19.999999999999996,-80.0,SCORED_WINDOW,,True,150,1772741700000,0.0,-83.33333333333333,-83.33333333333333,1.0,82.0,-83.33333333333333,,19.999999999999996,-80.0
OPT-LONG-803d4b5769c04927:1771603200000,OPT-LONG-803d4b5769c04927,AMC15-010,O:AMC260306C00001500,HOLDOUT,CALL,30,0.0,THESIS_PRESSURE,2026-02-20T16:00:00+00:00,2026-02-20T16:15:00+00:00,SCORED_WINDOW,,True,3,1771606800000,0.0,-20.000000000000007,0.0,1.0,2.0,0.0,,66.66666666666667,33.33333333333335,SCORED_WINDOW,,True,24,1771862400000,0.0,-40.0,-40.0,1.0,18.0,-40.0,,66.66666666666667,0.0,SCORED_WINDOW,,True,74,1772035200000,0.0,-80.0,-80.0,1.0,73.0,-80.0,,66.66666666666667,-66.66666666666666,SCORED_WINDOW,,True,125,1772208000000,0.0,-80.0,-80.0,1.0,73.0,-80.0,,66.66666666666667,-66.66666666666666,SCORED_WINDOW,,True,141,1772812800000,0.0,-80.0,-80.0,1.0,73.0,-80.0,,66.66666666666667,-66.66666666666666
OPT-LONG-803d4b5769c04927:1771606800000,OPT-LONG-803d4b5769c04927,AMC15-010,O:AMC260306C00001500,HOLDOUT,CALL,30,0.0,THESIS_PRESSURE,2026-02-20T17:00:00+00:00,2026-02-20T17:15:00+00:00,SCORED_WINDOW,,True,4,1771610400000,0.0,0.0,0.0,1.0,1.0,0.0,,-20.000000000000007,-20.000000000000007,SCORED_WINDOW,,True,25,1771866000000,25.0,-25.0,-25.0,7.0,15.0,-40.0,-1.0,0.0,-40.0,SCORED_WINDOW,,True,75,1772038800000,25.0,-75.0,-75.0,7.0,70.0,-80.0,-3.0,0.0,-80.0,SCORED_WINDOW,,True,124,1772211600000,25.0,-75.0,-75.0,7.0,70.0,-80.0,-3.0,0.0,-80.0,SCORED_WINDOW,,True,138,1772816400000,25.0,-75.0,-75.0,7.0,70.0,-80.0,-3.0,0.0,-80.0
OPT-LONG-8a8ba85100356494:1725371100000,OPT-LONG-8a8ba85100356494,AMC15-003,O:AMC240927C00005000,DISCOVERY,CALL,30,0.0,THESIS_PRESSURE,2024-09-03T13:45:00+00:00,2024-09-03T14:00:00+00:00,SCORED_WINDOW,,True,4,1725374700000,7.14285714285714,-10.71428571428572,-7.142857142857151,1.0,2.0,-13.33333333333333,-1.0000000000000016,3.4482758620689724,-13.793103448275856,SCORED_WINDOW,,True,25,1725457500000,7.14285714285714,-17.85714285714286,3.5714285714285587,1.0,11.0,-3.3333333333333326,0.49999999999999845,3.4482758620689724,-20.68965517241378,SCORED_WINDOW,,True,68,1725630300000,7.14285714285714,-28.57142857142857,-10.71428571428572,1.0,64.0,-16.666666666666664,-1.5000000000000016,3.4482758620689724,-31.034482758620683,SCORED_WINDOW,,True,114,1725975900000,49.99999999999998,-28.57142857142857,17.85714285714286,93.0,64.0,-21.42857142857142,0.3571428571428574,44.827586206896555,-31.034482758620683,SCORED_WINDOW,,True,233,1726580700000,49.99999999999998,-46.42857142857143,-42.85714285714286,93.0,232.0,-61.904761904761905,-0.8571428571428575,44.827586206896555,-48.275862068965516
OPT-LONG-8a8ba85100356494:1725375600000,OPT-LONG-8a8ba85100356494,AMC15-003,O:AMC240927C00005000,DISCOVERY,CALL,30,0.0,THESIS_PRESSURE,2024-09-03T15:00:00+00:00,2024-09-03T15:15:00+00:00,SCORED_WINDOW,,True,3,1725379200000,3.703703703703698,-7.407407407407418,3.703703703703698,3.0,2.0,0.0,1.0,-3.44827586206895,-13.793103448275856,SCORED_WINDOW,,True,25,1725462000000,11.111111111111093,-14.814814814814813,-3.703703703703709,21.0,6.0,-13.33333333333333,-0.33333333333333437,3.4482758620689724,-20.68965517241378,SCORED_WINDOW,,True,67,1725634800000,11.111111111111093,-25.92592592592593,-11.111111111111116,21.0,59.0,-19.999999999999996,-1.000000000000002,3.4482758620689724,-31.034482758620683,SCORED_WINDOW,,True,112,1725980400000,55.555555555555536,-25.92592592592593,25.92592592592593,88.0,59.0,-19.047619047619037,0.4666666666666669,44.827586206896555,-31.034482758620683,SCORED_WINDOW,,True,228,1726585200000,55.555555555555536,-44.44444444444445,-40.74074074074075,88.0,227.0,-61.904761904761905,-0.7333333333333337,44.827586206896555,-48.275862068965516
OPT-LONG-8a8ba85100356494:1725911100000,OPT-LONG-8a8ba85100356494,AMC15-003,O:AMC240927C00005000,DISCOVERY,CALL,30,0.0,ENTRY_FORMING,2024-09-09T19:45:00+00:00,2024-09-09T20:00:00+00:00,SCORED_WINDOW,,True,4,1725977700000,5.88235294117645,-14.705882352941192,-11.764705882352954,1.0,3.0,-16.666666666666664,-2.0000000000000093,12.5,-9.37500000000001,SCORED_WINDOW,,True,22,1725997500000,5.88235294117645,-17.647058823529406,-5.882352941176472,1.0,16.0,-11.111111111111105,-1.0000000000000038,12.5,-12.49999999999999,SCORED_WINDOW,,True,69,1726170300000,5.88235294117645,-38.235294117647065,-29.41176470588236,1.0,23.0,-33.333333333333336,-5.000000000000019,12.5,-34.375,SCORED_WINDOW,,True,121,1726515900000,5.88235294117645,-55.88235294117647,-52.94117647058824,1.0,120.0,-55.55555555555556,-9.000000000000032,12.5,-53.125,SCORED_WINDOW,,True,121,1727120700000,5.88235294117645,-55.88235294117647,-52.94117647058824,1.0,120.0,-55.55555555555556,-9.000000000000032,12.5,-53.125
OPT-LONG-8a8ba85100356494:1725984900000,OPT-LONG-8a8ba85100356494,AMC15-003,O:AMC240927C00005000,DISCOVERY,CALL,30,0.0,THESIS_PRESSURE,2024-09-10T16:15:00+00:00,2024-09-10T16:30:00+00:00,SCORED_WINDOW,,True,3,1725988500000,10.344827586206918,0.0,6.896551724137945,3.0,1.0,-3.125,0.6666666666666666,10.344827586206918,0.0,SCORED_WINDOW,,True,24,1726071300000,24.13793103448276,-27.586206896551722,-13.793103448275856,4.0,13.0,-30.555555555555557,-0.5714285714285711,24.13793103448276,-27.586206896551722,SCORED_WINDOW,,True,71,1726244100000,24.13793103448276,-27.586206896551722,-20.68965517241378,4.0,13.0,-36.11111111111111,-0.8571428571428564,24.13793103448276,-27.586206896551722,SCORED_WINDOW,,True,111,1726589700000,24.13793103448276,-48.275862068965516,-44.82758620689654,4.0,110.0,-55.55555555555556,-1.8571428571428565,24.13793103448276,-48.275862068965516,SCORED_WINDOW,,True,111,1727194500000,24.13793103448276,-48.275862068965516,-44.82758620689654,4.0,110.0,-55.55555555555556,-1.8571428571428565,24.13793103448276,-48.275862068965516
OPT-LONG-8a8ba85100356494:1725988500000,OPT-LONG-8a8ba85100356494,AMC15-003,O:AMC240927C00005000,DISCOVERY,CALL,30,0.0,THESIS_PRESSURE,2024-09-10T17:15:00+00:00,2024-09-10T17:30:00+00:00,SCORED_WINDOW,,True,4,1725992100000,12.5,-12.49999999999999,-9.37500000000001,1.0,3.0,-19.444444444444443,-0.7500000000000009,16.129032258064502,-9.677419354838701,SCORED_WINDOW,,True,25,1726074900000,12.5,-34.375,-18.75,1.0,10.0,-27.777777777777768,-1.5,16.129032258064502,-32.25806451612904,SCORED_WINDOW,,True,72,1726247700000,12.5,-34.375,-28.125,1.0,10.0,-36.11111111111111,-2.25,16.129032258064502,-32.25806451612904,SCORED_WINDOW,,True,108,1726593300000,12.5,-53.125,-50.0,1.0,107.0,-55.55555555555556,-4.0,16.129032258064502,-51.61290322580645,SCORED_WINDOW,,True,108,1727198100000,12.5,-53.125,-50.0,1.0,107.0,-55.55555555555556,-4.0,16.129032258064502,-51.61290322580645
OPT-LONG-8a8ba85100356494:1725996600000,OPT-LONG-8a8ba85100356494,AMC15-003,O:AMC240927C00005000,DISCOVERY,CALL,30,0.0,CONTINUATION,2024-09-10T19:30:00+00:00,2024-09-10T19:45:00+00:00,SCORED_WINDOW,,True,4,1726063200000,14.28571428571428,-25.00000000000001,-14.285714285714302,1.0,2.0,-25.0,-1.0000000000000016,14.28571428571428,-25.00000000000001,SCORED_WINDOW,,True,22,1726083000000,14.28571428571428,-25.00000000000001,-3.57142857142857,1.0,2.0,-15.625,-0.25,14.28571428571428,-25.00000000000001,SCORED_WINDOW,,True,73,1726255800000,17.85714285714286,-25.00000000000001,-17.85714285714286,67.0,2.0,-30.303030303030297,-1.0,17.85714285714286,-25.00000000000001,SCORED_WINDOW,,True,100,1726601400000,17.85714285714286,-46.42857142857143,-42.85714285714286,67.0,99.0,-51.515151515151516,-2.3999999999999995,17.85714285714286,-46.42857142857143,SCORED_WINDOW,,True,100,1727206200000,17.85714285714286,-46.42857142857143,-42.85714285714286,67.0,99.0,-51.515151515151516,-2.3999999999999995,17.85714285714286,-46.42857142857143
OPT-LONG-8a8ba85100356494:1726067700000,OPT-LONG-8a8ba85100356494,AMC15-003,O:AMC240927C00005000,DISCOVERY,CALL,30,0.0,THESIS_PRESSURE,2024-09-11T15:15:00+00:00,2024-09-11T15:30:00+00:00,SCORED_WINDOW,,True,4,1726071300000,17.391304347826097,0.0,8.695652173913038,1.0,1.0,-7.407407407407418,0.4999999999999994,17.391304347826097,0.0,SCORED_WINDOW,,True,22,1726154100000,39.13043478260869,0.0,13.043478260869556,15.0,1.0,-18.75,0.33333333333333315,39.13043478260869,0.0,SCORED_WINDOW,,True,73,1726499700000,43.47826086956521,-26.086956521739125,-21.739130434782616,58.0,72.0,-45.45454545454546,-0.5000000000000002,43.47826086956521,-26.086956521739125,SCORED_WINDOW,,True,91,1726672500000,43.47826086956521,-34.782608695652186,-30.434782608695656,58.0,90.0,-51.515151515151516,-0.7000000000000002,43.47826086956521,-34.782608695652186,SCORED_WINDOW,,True,91,1727277300000,43.47826086956521,-34.782608695652186,-30.434782608695656,58.0,90.0,-51.515151515151516,-0.7000000000000002,43.47826086956521,-34.782608695652186
OPT-LONG-8a8ba85100356494:1726072200000,OPT-LONG-8a8ba85100356494,AMC15-003,O:AMC240927C00005000,DISCOVERY,CALL,30,0.0,THESIS_PRESSURE,2024-09-11T16:30:00+00:00,2024-09-11T16:45:00+00:00,SCORED_WINDOW,,True,3,1726075800000,16.666666666666675,0.0,8.333333333333348,3.0,1.0,-7.142857142857151,0.5000000000000007,21.739130434782616,4.347826086956519,SCORED_WINDOW,,True,22,1726158600000,33.33333333333335,0.0,4.166666666666674,10.0,1.0,-21.875,0.12500000000000017,39.13043478260869,4.347826086956519,SCORED_WINDOW,,True,73,1726504200000,37.50000000000002,-33.33333333333333,-29.166666666666664,53.0,72.0,-48.484848484848484,-0.7777777777777772,43.47826086956521,-30.434782608695656,SCORED_WINDOW,,True,86,1726677000000,37.50000000000002,-37.5,-33.33333333333333,53.0,85.0,-51.515151515151516,-0.8888888888888883,43.47826086956521,-34.782608695652186,SCORED_WINDOW,,True,86,1727281800000,37.50000000000002,-37.5,-33.33333333333333,53.0,85.0,-51.515151515151516,-0.8888888888888883,43.47826086956521,-34.782608695652186
OPT-LONG-8a8ba85100356494:1726074000000,OPT-LONG-8a8ba85100356494,AMC15-003,O:AMC240927C00005000,DISCOVERY,CALL,30,0.0,CONTINUATION,2024-09-11T17:00:00+00:00,2024-09-11T17:15:00+00:00,SCORED_WINDOW,,True,2,1726077600000,7.692307692307709,-7.692307692307699,-7.692307692307699,1.0,2.0,-14.285714285714302,-0.9999999999999987,7.692307692307709,-7.692307692307699,SCORED_WINDOW,,True,21,1726160400000,23.076923076923084,-7.692307692307699,0.0,8.0,2.0,-18.75,0.0,23.076923076923084,-7.692307692307699,SCORED_WINDOW,,True,73,1726506000000,26.923076923076916,-38.46153846153846,-34.61538461538461,51.0,70.0,-48.484848484848484,-1.285714285714286,26.923076923076916,-38.46153846153846,SCORED_WINDOW,,True,84,1726678800000,26.923076923076916,-42.307692307692314,-38.46153846153846,51.0,83.0,-51.515151515151516,-1.4285714285714288,26.923076923076916,-42.307692307692314,SCORED_WINDOW,,True,84,1727283600000,26.923076923076916,-42.307692307692314,-38.46153846153846,51.0,83.0,-51.515151515151516,-1.4285714285714288,26.923076923076916,-42.307692307692314
OPT-LONG-8a8ba85100356494:1726237800000,OPT-LONG-8a8ba85100356494,AMC15-003,O:AMC240927C00005000,DISCOVERY,CALL,30,0.0,CONTINUATION,2024-09-13T14:30:00+00:00,2024-09-13T14:45:00+00:00,SCORED_WINDOW,,True,4,1726241400000,12.500000000000021,-4.1666666666666625,4.166666666666674,1.0,3.0,-7.407407407407418,0.33333333333333337,8.000000000000007,-7.9999999999999964,SCORED_WINDOW,,True,26,1726497000000,37.50000000000002,-25.0,-16.666666666666664,14.0,23.0,-39.39393939393939,-0.44444444444444414,32.00000000000001,-28.000000000000004,SCORED_WINDOW,,True,47,1726669800000,37.50000000000002,-37.5,-33.33333333333333,14.0,46.0,-51.515151515151516,-0.8888888888888883,32.00000000000001,-40.0,SCORED_WINDOW,,True,47,1726842600000,37.50000000000002,-37.5,-33.33333333333333,14.0,46.0,-51.515151515151516,-0.8888888888888883,32.00000000000001,-40.0,SCORED_WINDOW,,True,47,1727447400000,37.50000000000002,-37.5,-33.33333333333333,14.0,46.0,-51.515151515151516,-0.8888888888888883,32.00000000000001,-40.0
OPT-LONG-8a8ba85100356494:1726246800000,OPT-LONG-8a8ba85100356494,AMC15-003,O:AMC240927C00005000,DISCOVERY,CALL,30,0.0,THESIS_PRESSURE,2024-09-13T17:00:00+00:00,2024-09-13T17:15:00+00:00,SCORED_WINDOW,,True,4,1726250400000,43.47826086956521,0.0,43.47826086956521,4.0,1.0,0.0,1.0,43.47826086956521,0.0,SCORED_WINDOW,,True,26,1726506000000,43.47826086956521,-30.434782608695656,-26.086956521739125,4.0,23.0,-48.484848484848484,-0.6,43.47826086956521,-30.434782608695656,SCORED_WINDOW,,True,37,1726678800000,43.47826086956521,-34.782608695652186,-30.434782608695656,4.0,36.0,-51.515151515151516,-0.7000000000000002,43.47826086956521,-34.782608695652186,SCORED_WINDOW,,True,37,1726851600000,43.47826086956521,-34.782608695652186,-30.434782608695656,4.0,36.0,-51.515151515151516,-0.7000000000000002,43.47826086956521,-34.782608695652186,SCORED_WINDOW,,True,37,1727456400000,43.47826086956521,-34.782608695652186,-30.434782608695656,4.0,36.0,-51.515151515151516,-0.7000000000000002,43.47826086956521,-34.782608695652186
OPT-LONG-8a8ba85100356494:1726254900000,OPT-LONG-8a8ba85100356494,AMC15-003,O:AMC240927C00005000,DISCOVERY,CALL,30,0.0,THESIS_PRESSURE,2024-09-13T19:15:00+00:00,2024-09-13T19:30:00+00:00,SCORED_WINDOW,,True,4,1726494300000,13.636363636363647,-18.181818181818187,-9.090909090909083,2.0,4.0,-19.999999999999996,-0.6666666666666655,13.636363636363647,-18.181818181818187,SCORED_WINDOW,,True,26,1726514100000,13.636363636363647,-27.27272727272727,-22.72727272727272,2.0,14.0,-31.999999999999996,-1.6666666666666647,13.636363636363647,-27.27272727272727,SCORED_WINDOW,,True,28,1726686900000,13.636363636363647,-31.818181818181824,-27.27272727272727,2.0,27.0,-36.0,-1.9999999999999982,13.636363636363647,-31.818181818181824,SCORED_WINDOW,,True,28,1726859700000,13.636363636363647,-31.818181818181824,-27.27272727272727,2.0,27.0,-36.0,-1.9999999999999982,13.636363636363647,-31.818181818181824,SCORED_WINDOW,,True,28,1727464500000,13.636363636363647,-31.818181818181824,-27.27272727272727,2.0,27.0,-36.0,-1.9999999999999982,13.636363636363647,-31.818181818181824
OPT-LONG-bfff34ac345f0b9b:1725371100000,OPT-LONG-bfff34ac345f0b9b,AMC15-003,O:AMC240913C00005000,DISCOVERY,CALL,14,0.0,THESIS_PRESSURE,2024-09-03T13:45:00+00:00,2024-09-03T14:00:00+00:00,SCORED_WINDOW,,True,4,1725374700000,5.88235294117645,-17.647058823529406,-5.882352941176472,1.0,2.0,-11.111111111111105,-1.0000000000000038,5.88235294117645,-17.647058823529406,SCORED_WINDOW,,True,26,1725457500000,5.88235294117645,-29.41176470588236,-11.764705882352954,1.0,12.0,-16.666666666666664,-2.0000000000000093,5.88235294117645,-29.41176470588236,SCORED_WINDOW,,True,78,1725630300000,5.88235294117645,-41.17647058823529,-41.17647058823529,1.0,46.0,-44.44444444444444,-7.000000000000024,5.88235294117645,-41.17647058823529,SCORED_WINDOW,,True,130,1725975900000,58.823529411764696,-52.94117647058824,-29.41176470588236,92.0,81.0,-55.55555555555556,-0.5000000000000002,58.823529411764696,-52.94117647058824,SCORED_RIGHT_CENSORED,CONTRACT_EXPIRY,False,232,1726580700000,,,,,,,,,
OPT-LONG-bfff34ac345f0b9b:1725375600000,OPT-LONG-bfff34ac345f0b9b,AMC15-003,O:AMC240913C00005000,DISCOVERY,CALL,14,0.0,THESIS_PRESSURE,2024-09-03T15:00:00+00:00,2024-09-03T15:15:00+00:00,SCORED_WINDOW,,True,4,1725379200000,6.666666666666665,-6.666666666666654,-6.666666666666654,1.0,2.0,-12.49999999999999,-0.9999999999999982,0.0,-12.49999999999999,SCORED_WINDOW,,True,26,1725462000000,6.666666666666665,-19.999999999999996,-19.999999999999996,1.0,7.0,-25.0,-3.0,0.0,-25.0,SCORED_WINDOW,,True,78,1725634800000,6.666666666666665,-46.666666666666664,-40.0,1.0,76.0,-43.75,-6.000000000000002,0.0,-50.0,SCORED_WINDOW,,True,130,1725980400000,80.00000000000003,-46.666666666666664,-13.33333333333333,87.0,76.0,-51.85185185185186,-0.16666666666666657,68.75,-50.0,SCORED_RIGHT_CENSORED,CONTRACT_EXPIRY,False,227,1726585200000,,,,,,,,,
OPT-LONG-bfff34ac345f0b9b:1725911100000,OPT-LONG-bfff34ac345f0b9b,AMC15-003,O:AMC240913C00005000,DISCOVERY,CALL,14,0.0,ENTRY_FORMING,2024-09-09T19:45:00+00:00,2024-09-09T20:00:00+00:00,SCORED_WINDOW,,True,4,1725977700000,0.0,-29.41176470588236,-23.529411764705888,1.0,1.0,-23.529411764705888,,0.0,-29.41176470588236,SCORED_WINDOW,,True,26,1725997500000,0.0,-52.94117647058824,-23.529411764705888,1.0,12.0,-23.529411764705888,,0.0,-52.94117647058824,SCORED_WINDOW,,True,78,1726170300000,0.0,-76.47058823529412,-76.47058823529412,1.0,31.0,-76.47058823529412,,0.0,-76.47058823529412,SCORED_RIGHT_CENSORED,CONTRACT_EXPIRY,False,104,1726515900000,,,,,,,,,,SCORED_RIGHT_CENSORED,CONTRACT_EXPIRY,False,104,1727120700000,,,,,,,,,
OPT-LONG-bfff34ac345f0b9b:1725984900000,OPT-LONG-bfff34ac345f0b9b,AMC15-003,O:AMC240913C00005000,DISCOVERY,CALL,14,0.0,THESIS_PRESSURE,2024-09-10T16:15:00+00:00,2024-09-10T16:30:00+00:00,SCORED_WINDOW,,True,4,1725988500000,30.000000000000004,0.0,19.999999999999996,3.0,1.0,-7.692307692307699,0.6666666666666665,18.181818181818187,-9.090909090909083,SCORED_WINDOW,,True,26,1726071300000,30.000000000000004,-60.00000000000001,-50.0,3.0,19.0,-61.53846153846154,-1.6666666666666665,18.181818181818187,-63.63636363636363,SCORED_WINDOW,,True,78,1726244100000,30.000000000000004,-90.0,-90.0,3.0,76.0,-92.3076923076923,-2.9999999999999996,18.181818181818187,-90.9090909090909,SCORED_RIGHT_CENSORED,CONTRACT_EXPIRY,False,92,1726589700000,,,,,,,,,,SCORED_RIGHT_CENSORED,CONTRACT_EXPIRY,False,92,1727194500000,,,,,,,,,
OPT-LONG-bfff34ac345f0b9b:1725988500000,OPT-LONG-bfff34ac345f0b9b,AMC15-003,O:AMC240913C00005000,DISCOVERY,CALL,14,0.0,THESIS_PRESSURE,2024-09-10T17:15:00+00:00,2024-09-10T17:30:00+00:00,SCORED_WINDOW,,True,4,1725992100000,0.0,-8.333333333333325,-8.333333333333325,1.0,1.0,-8.333333333333325,,0.0,-8.333333333333325,SCORED_WINDOW,,True,26,1726074900000,8.333333333333348,-66.66666666666666,-58.33333333333333,7.0,15.0,-61.53846153846154,-6.999999999999987,8.333333333333348,-66.66666666666666,SCORED_WINDOW,,True,78,1726247700000,8.333333333333348,-91.66666666666666,-83.33333333333333,7.0,72.0,-84.61538461538461,-9.999999999999982,8.333333333333348,-91.66666666666666,SCORED_RIGHT_CENSORED,CONTRACT_EXPIRY,False,88,1726593300000,,,,,,,,,,SCORED_RIGHT_CENSORED,CONTRACT_EXPIRY,False,88,1727198100000,,,,,,,,,
OPT-LONG-bfff34ac345f0b9b:1725996600000,OPT-LONG-bfff34ac345f0b9b,AMC15-003,O:AMC240913C00005000,DISCOVERY,CALL,14,0.0,CONTINUATION,2024-09-10T19:30:00+00:00,2024-09-10T19:45:00+00:00,SCORED_WINDOW,,True,4,1726063200000,8.333333333333348,-58.33333333333333,-58.33333333333333,1.0,2.0,-61.53846153846154,-6.999999999999987,8.333333333333348,-58.33333333333333,SCORED_WINDOW,,True,26,1726083000000,8.333333333333348,-66.66666666666666,-41.666666666666664,1.0,6.0,-46.153846153846146,-4.999999999999991,8.333333333333348,-66.66666666666666,SCORED_WINDOW,,True,78,1726255800000,8.333333333333348,-91.66666666666666,-91.66666666666666,1.0,63.0,-92.3076923076923,-10.999999999999979,8.333333333333348,-91.66666666666666,SCORED_RIGHT_CENSORED,CONTRACT_EXPIRY,False,79,1726601400000,,,,,,,,,,SCORED_RIGHT_CENSORED,CONTRACT_EXPIRY,False,79,1727206200000,,,,,,,,,
OPT-LONG-bfff34ac345f0b9b:1726067700000,OPT-LONG-bfff34ac345f0b9b,AMC15-003,O:AMC240913C00005000,DISCOVERY,CALL,14,0.0,THESIS_PRESSURE,2024-09-11T15:15:00+00:00,2024-09-11T15:30:00+00:00,SCORED_WINDOW,,True,4,1726071300000,19.999999999999996,-20.000000000000007,0.0,1.0,1.0,-16.666666666666664,0.0,50.0,0.0,SCORED_WINDOW,,True,26,1726154100000,100.0,-20.000000000000007,40.000000000000014,17.0,1.0,-29.999999999999993,0.40000000000000013,150.0,0.0,SCORED_RIGHT_CENSORED,CONTRACT_EXPIRY,False,70,1726499700000,,,,,,,,,,SCORED_RIGHT_CENSORED,CONTRACT_EXPIRY,False,70,1726672500000,,,,,,,,,,SCORED_RIGHT_CENSORED,CONTRACT_EXPIRY,False,70,1727277300000,,,,,,,,,
OPT-LONG-bfff34ac345f0b9b:1726072200000,OPT-LONG-bfff34ac345f0b9b,AMC15-003,O:AMC240913C00005000,DISCOVERY,CALL,14,0.0,THESIS_PRESSURE,2024-09-11T16:30:00+00:00,2024-09-11T16:45:00+00:00,SCORED_WINDOW,,True,4,1726075800000,19.999999999999996,-20.000000000000007,19.999999999999996,2.0,1.0,0.0,1.0,50.0,0.0,SCORED_WINDOW,,True,26,1726158600000,100.0,-20.000000000000007,19.999999999999996,12.0,1.0,-40.0,0.19999999999999996,150.0,0.0,SCORED_RIGHT_CENSORED,CONTRACT_EXPIRY,False,65,1726504200000,,,,,,,,,,SCORED_RIGHT_CENSORED,CONTRACT_EXPIRY,False,65,1726677000000,,,,,,,,,,SCORED_RIGHT_CENSORED,CONTRACT_EXPIRY,False,65,1727281800000,,,,,,,,,
OPT-LONG-bfff34ac345f0b9b:1726074000000,OPT-LONG-bfff34ac345f0b9b,AMC15-003,O:AMC240913C00005000,DISCOVERY,CALL,14,0.0,CONTINUATION,2024-09-11T17:00:00+00:00,2024-09-11T17:15:00+00:00,SCORED_WINDOW,,True,4,1726077600000,19.999999999999996,0.0,0.0,1.0,1.0,-16.666666666666664,0.0,0.0,-16.666666666666664,SCORED_WINDOW,,True,26,1726160400000,100.0,0.0,0.0,10.0,1.0,-50.0,0.0,66.66666666666667,-16.666666666666664,SCORED_RIGHT_CENSORED,CONTRACT_EXPIRY,False,63,1726506000000,,,,,,,,,,SCORED_RIGHT_CENSORED,CONTRACT_EXPIRY,False,63,1726678800000,,,,,,,,,,SCORED_RIGHT_CENSORED,CONTRACT_EXPIRY,False,63,1727283600000,,,,,,,,,
OPT-LONG-bfff34ac345f0b9b:1726083000000,OPT-LONG-bfff34ac345f0b9b,AMC15-003,O:AMC240913C00005000,DISCOVERY,CALL,14,0.0,THESIS_PRESSURE,2024-09-11T19:30:00+00:00,2024-09-11T19:45:00+00:00,SCORED_WINDOW,,True,4,1726149600000,50.0,0.0,33.33333333333335,2.0,1.0,-11.111111111111105,0.666666666666667,28.57142857142856,-14.285714285714302,SCORED_WINDOW,,True,26,1726169400000,50.0,-33.33333333333333,-16.666666666666664,2.0,26.0,-44.44444444444444,-0.33333333333333326,28.57142857142856,-42.85714285714286,SCORED_RIGHT_CENSORED,CONTRACT_EXPIRY,False,53,1726515000000,,,,,,,,,,SCORED_RIGHT_CENSORED,CONTRACT_EXPIRY,False,53,1726687800000,,,,,,,,,,SCORED_RIGHT_CENSORED,CONTRACT_EXPIRY,False,53,1727292600000,,,,,,,,,
OPT-LONG-bfff34ac345f0b9b:1726237800000,OPT-LONG-bfff34ac345f0b9b,AMC15-003,O:AMC240913C00005000,DISCOVERY,CALL,14,0.0,CONTINUATION,2024-09-13T14:30:00+00:00,2024-09-13T14:45:00+00:00,SCORED_WINDOW,,True,4,1726241400000,25.0,-50.0,-50.0,1.0,2.0,-60.00000000000001,-2.0,25.0,-50.0,SCORED_RIGHT_CENSORED,CONTRACT_EXPIRY,False,21,1726497000000,,,,,,,,,,SCORED_RIGHT_CENSORED,CONTRACT_EXPIRY,False,21,1726669800000,,,,,,,,,,SCORED_RIGHT_CENSORED,CONTRACT_EXPIRY,False,21,1726842600000,,,,,,,,,,SCORED_RIGHT_CENSORED,CONTRACT_EXPIRY,False,21,1727447400000,,,,,,,,,
OPT-LONG-bfff34ac345f0b9b:1726246800000,OPT-LONG-bfff34ac345f0b9b,AMC15-003,O:AMC240913C00005000,DISCOVERY,CALL,14,0.0,THESIS_PRESSURE,2024-09-13T17:00:00+00:00,2024-09-13T17:15:00+00:00,SCORED_WINDOW,,True,4,1726250400000,0.0,-50.0,0.0,1.0,1.0,0.0,,0.0,-50.0,SCORED_RIGHT_CENSORED,CONTRACT_EXPIRY,False,11,1726506000000,,,,,,,,,,SCORED_RIGHT_CENSORED,CONTRACT_EXPIRY,False,11,1726678800000,,,,,,,,,,SCORED_RIGHT_CENSORED,CONTRACT_EXPIRY,False,11,1726851600000,,,,,,,,,,SCORED_RIGHT_CENSORED,CONTRACT_EXPIRY,False,11,1727456400000,,,,,,,,,
OPT-LONG-bfff34ac345f0b9b:1726254900000,OPT-LONG-bfff34ac345f0b9b,AMC15-003,O:AMC240913C00005000,DISCOVERY,CALL,14,0.0,THESIS_PRESSURE,2024-09-13T19:15:00+00:00,2024-09-13T19:30:00+00:00,SCORED_RIGHT_CENSORED,CONTRACT_EXPIRY,False,2,1726494300000,,,,,,,,,,SCORED_RIGHT_CENSORED,CONTRACT_EXPIRY,False,2,1726514100000,,,,,,,,,,SCORED_RIGHT_CENSORED,CONTRACT_EXPIRY,False,2,1726686900000,,,,,,,,,,SCORED_RIGHT_CENSORED,CONTRACT_EXPIRY,False,2,1726859700000,,,,,,,,,,SCORED_RIGHT_CENSORED,CONTRACT_EXPIRY,False,2,1727464500000,,,,,,,,,
OPT-LONG-c8fd67a5c31d8351:1770398100000,OPT-LONG-c8fd67a5c31d8351,AMC15-009,O:AMC260306C00001500,HOLDOUT,CALL,30,0.0,CONTINUATION,2026-02-06T17:15:00+00:00,2026-02-06T17:30:00+00:00,SCORED_WINDOW,,True,3,1770401700000,5.263157894736836,-5.263157894736848,0.0,2.0,2.0,-5.000000000000004,0.0,0.0,-10.000000000000009,SCORED_WINDOW,,True,19,1770657300000,5.263157894736836,-31.57894736842105,-26.315789473684205,2.0,10.0,-29.999999999999993,-5.000000000000004,0.0,-35.0,SCORED_WINDOW,,True,53,1770830100000,5.263157894736836,-84.21052631578947,-47.36842105263158,2.0,37.0,-50.0,-9.00000000000001,0.0,-85.0,SCORED_WINDOW,,True,83,1771002900000,5.263157894736836,-84.21052631578947,-52.63157894736843,2.0,37.0,-55.00000000000001,-10.000000000000012,0.0,-85.0,SCORED_WINDOW,,True,191,1771866900000,5.263157894736836,-84.21052631578947,-84.21052631578947,2.0,37.0,-85.0,-16.000000000000018,0.0,-85.0
OPT-LONG-c8fd67a5c31d8351:1770650100000,OPT-LONG-c8fd67a5c31d8351,AMC15-009,O:AMC260306C00001500,HOLDOUT,CALL,30,0.0,THESIS_PRESSURE,2026-02-09T15:15:00+00:00,2026-02-09T15:30:00+00:00,SCORED_WINDOW,,True,4,1770653700000,7.14285714285714,0.0,0.0,3.0,1.0,-6.666666666666654,0.0,7.14285714285714,0.0,SCORED_WINDOW,,True,20,1770736500000,7.14285714285714,-21.42857142857143,-21.42857142857143,3.0,19.0,-26.66666666666666,-3.0000000000000018,7.14285714285714,-21.42857142857143,SCORED_WINDOW,,True,48,1770909300000,7.14285714285714,-78.57142857142858,-42.85714285714286,3.0,25.0,-46.666666666666664,-6.0000000000000036,7.14285714285714,-78.57142857142858,SCORED_WINDOW,,True,82,1771341300000,7.14285714285714,-78.57142857142858,-50.0,3.0,25.0,-53.33333333333332,-7.0000000000000036,7.14285714285714,-78.57142857142858,SCORED_WINDOW,,True,195,1771946100000,7.14285714285714,-78.57142857142858,-71.42857142857143,3.0,25.0,-73.33333333333334,-10.000000000000005,7.14285714285714,-78.57142857142858
OPT-LONG-c8fd67a5c31d8351:1770654600000,OPT-LONG-c8fd67a5c31d8351,AMC15-009,O:AMC260306C00001500,HOLDOUT,CALL,30,0.0,THESIS_PRESSURE,2026-02-09T16:30:00+00:00,2026-02-09T16:45:00+00:00,SCORED_WINDOW,,True,3,1770658200000,0.0,-6.666666666666654,0.0,1.0,1.0,0.0,,7.14285714285714,0.0,SCORED_WINDOW,,True,19,1770741000000,0.0,-26.66666666666666,-13.33333333333333,1.0,14.0,-13.33333333333333,,7.14285714285714,-21.42857142857143,SCORED_WINDOW,,True,47,1770913800000,0.0,-80.0,-40.0,1.0,20.0,-40.0,,7.14285714285714,-78.57142857142858,SCORED_WINDOW,,True,82,1771345800000,0.0,-80.0,-53.33333333333332,1.0,20.0,-53.33333333333332,,7.14285714285714,-78.57142857142858,SCORED_WINDOW,,True,195,1771950600000,0.0,-80.0,-80.0,1.0,20.0,-80.0,,7.14285714285714,-78.57142857142858
OPT-LONG-c8fd67a5c31d8351:1770741000000,OPT-LONG-c8fd67a5c31d8351,AMC15-009,O:AMC260306C00001500,HOLDOUT,CALL,30,0.0,ENTRY_FORMING,2026-02-10T16:30:00+00:00,2026-02-10T16:45:00+00:00,SCORED_WINDOW,,True,1,1770744600000,333.33333333333337,0.0,333.33333333333337,1.0,1.0,0.0,1.0,0.0,-76.92307692307693,SCORED_WINDOW,,True,15,1770827400000,333.33333333333337,0.0,200.0,1.0,1.0,-30.76923076923077,0.6,0.0,-76.92307692307693,SCORED_WINDOW,,True,44,1771000200000,333.33333333333337,0.0,200.0,1.0,1.0,-30.76923076923077,0.6,0.0,-76.92307692307693,SCORED_WINDOW,,True,88,1771432200000,333.33333333333337,0.0,133.33333333333334,1.0,1.0,-46.153846153846146,0.39999999999999997,0.0,-76.92307692307693,SCORED_WINDOW,,True,202,1772037000000,333.33333333333337,-66.66666666666666,-33.33333333333333,1.0,199.0,-84.61538461538461,-0.09999999999999998,0.0,-92.3076923076923
OPT-LONG-c8fd67a5c31d8351:1770749100000,OPT-LONG-c8fd67a5c31d8351,AMC15-009,O:AMC260306C00001500,HOLDOUT,CALL,30,0.0,THESIS_PRESSURE,2026-02-10T18:45:00+00:00,2026-02-10T19:00:00+00:00,SCORED_WINDOW,,True,2,1770752700000,0.0,-7.692307692307699,-7.692307692307699,1.0,2.0,-7.692307692307699,,8.333333333333348,0.0,SCORED_WINDOW,,True,13,1770835500000,0.0,-30.76923076923077,-30.76923076923077,1.0,8.0,-30.76923076923077,,8.333333333333348,-25.0,SCORED_WINDOW,,True,46,1771008300000,0.0,-38.46153846153846,-38.46153846153846,1.0,17.0,-38.46153846153846,,8.333333333333348,-33.33333333333333,SCORED_WINDOW,,True,88,1771440300000,0.0,-53.846153846153854,-46.153846153846146,1.0,57.0,-46.153846153846146,,8.333333333333348,-50.0,SCORED_WINDOW,,True,206,1772045100000,0.0,-92.3076923076923,-92.3076923076923,1.0,194.0,-92.3076923076923,,8.333333333333348,-91.66666666666666
OPT-LONG-c8fd67a5c31d8351:1770820200000,OPT-LONG-c8fd67a5c31d8351,AMC15-009,O:AMC260306C00001500,HOLDOUT,CALL,30,0.0,THESIS_PRESSURE,2026-02-11T14:30:00+00:00,2026-02-11T14:45:00+00:00,SCORED_WINDOW,,True,4,1770823800000,0.0,-18.181818181818187,0.0,1.0,3.0,0.0,,0.0,-18.181818181818187,SCORED_WINDOW,,True,12,1770906600000,0.0,-27.27272727272727,-27.27272727272727,1.0,12.0,-27.27272727272727,,0.0,-27.27272727272727,SCORED_WINDOW,,True,45,1771338600000,0.0,-36.36363636363635,-36.36363636363635,1.0,43.0,-36.36363636363635,,0.0,-36.36363636363635,SCORED_WINDOW,,True,88,1771511400000,0.0,-54.54545454545454,-54.54545454545454,1.0,88.0,-54.54545454545454,,0.0,-54.54545454545454,SCORED_WINDOW,,True,210,1772116200000,0.0,-90.9090909090909,-81.81818181818181,1.0,189.0,-81.81818181818181,,0.0,-90.9090909090909
OPT-LONG-c8fd67a5c31d8351:1770821100000,OPT-LONG-c8fd67a5c31d8351,AMC15-009,O:AMC260306C00001500,HOLDOUT,CALL,30,0.0,THESIS_PRESSURE,2026-02-11T14:45:00+00:00,2026-02-11T15:00:00+00:00,SCORED_WINDOW,,True,3,1770824700000,9.999999999999986,-10.000000000000009,9.999999999999986,3.0,2.0,0.0,1.0,0.0,-18.181818181818187,SCORED_WINDOW,,True,12,1770907500000,9.999999999999986,-20.000000000000007,0.0,3.0,11.0,-9.090909090909083,0.0,0.0,-27.27272727272727,SCORED_WINDOW,,True,45,1771339500000,9.999999999999986,-29.999999999999993,-29.999999999999993,3.0,42.0,-36.36363636363635,-3.0000000000000036,0.0,-36.36363636363635,SCORED_WINDOW,,True,88,1771512300000,9.999999999999986,-50.0,-40.0,3.0,87.0,-45.45454545454546,-4.000000000000005,0.0,-54.54545454545454,SCORED_WINDOW,,True,210,1772117100000,9.999999999999986,-90.0,-80.0,3.0,188.0,-81.81818181818181,-8.00000000000001,0.0,-90.9090909090909
OPT-LONG-c8fd67a5c31d8351:1771426800000,OPT-LONG-c8fd67a5c31d8351,AMC15-009,O:AMC260306C00001500,HOLDOUT,CALL,30,0.0,ENTRY_FORMING,2026-02-18T15:00:00+00:00,2026-02-18T15:15:00+00:00,SCORED_WINDOW,,True,4,1771430400000,14.28571428571428,0.0,0.0,1.0,1.0,-12.49999999999999,0.0,14.28571428571428,0.0,SCORED_WINDOW,,True,18,1771513200000,14.28571428571428,-28.57142857142857,-28.57142857142857,1.0,16.0,-37.5,-2.000000000000001,14.28571428571428,-28.57142857142857,SCORED_WINDOW,,True,64,1771858800000,14.28571428571428,-57.14285714285715,-57.14285714285715,1.0,44.0,-62.5,-4.000000000000003,14.28571428571428,-57.14285714285715,SCORED_WINDOW,,True,114,1772031600000,14.28571428571428,-71.42857142857143,-71.42857142857143,1.0,100.0,-75.0,-5.000000000000003,14.28571428571428,-71.42857142857143,SCORED_WINDOW,,True,185,1772636400000,14.28571428571428,-85.71428571428572,-85.71428571428572,1.0,117.0,-87.5,-6.0000000000000036,14.28571428571428,-85.71428571428572
OPT-LONG-c8fd67a5c31d8351:1771512300000,OPT-LONG-c8fd67a5c31d8351,AMC15-009,O:AMC260306C00001500,HOLDOUT,CALL,30,0.0,CONTINUATION,2026-02-19T14:45:00+00:00,2026-02-19T15:00:00+00:00,SCORED_WINDOW,,True,3,1771515900000,0.0,-16.666666666666664,0.0,1.0,1.0,0.0,,0.0,-16.666666666666664,SCORED_WINDOW,,True,22,1771598700000,0.0,-33.33333333333333,-16.666666666666664,1.0,12.0,-16.666666666666664,,0.0,-33.33333333333333,SCORED_WINDOW,,True,70,1771944300000,0.0,-50.0,-50.0,1.0,27.0,-50.0,,0.0,-50.0,SCORED_WINDOW,,True,122,1772117100000,0.0,-83.33333333333333,-66.66666666666666,1.0,100.0,-66.66666666666666,,0.0,-83.33333333333333,SCORED_WINDOW,,True,168,1772721900000,0.0,-83.33333333333333,-83.33333333333333,1.0,100.0,-83.33333333333333,,0.0,-83.33333333333333
OPT-LONG-c8fd67a5c31d8351:1771520400000,OPT-LONG-c8fd67a5c31d8351,AMC15-009,O:AMC260306C00001500,HOLDOUT,CALL,30,0.0,THESIS_PRESSURE,2026-02-19T17:00:00+00:00,2026-02-19T17:15:00+00:00,SCORED_WINDOW,,True,3,1771524000000,0.0,0.0,0.0,1.0,1.0,0.0,,0.0,0.0,SCORED_WINDOW,,True,23,1771606800000,19.999999999999996,-40.0,0.0,4.0,20.0,-16.666666666666664,0.0,19.999999999999996,-40.0,SCORED_WINDOW,,True,72,1771952400000,19.999999999999996,-40.0,-20.000000000000007,4.0,20.0,-33.33333333333333,-1.0000000000000004,19.999999999999996,-40.0,SCORED_WINDOW,,True,124,1772125200000,19.999999999999996,-80.0,-60.00000000000001,4.0,93.0,-66.66666666666666,-3.000000000000001,19.999999999999996,-80.0,SCORED_WINDOW,,True,161,1772730000000,19.999999999999996,-80.0,-80.0,4.0,93.0,-83.33333333333333,-4.000000000000001,19.999999999999996,-80.0
OPT-LONG-c8fd67a5c31d8351:1771524900000,OPT-LONG-c8fd67a5c31d8351,AMC15-009,O:AMC260306C00001500,HOLDOUT,CALL,30,0.0,THESIS_PRESSURE,2026-02-19T18:15:00+00:00,2026-02-19T18:30:00+00:00,SCORED_WINDOW,,True,3,1771528500000,25.0,0.0,25.0,2.0,1.0,0.0,1.0,0.0,-20.000000000000007,SCORED_WINDOW,,True,24,1771611300000,50.0,-25.0,0.0,8.0,16.0,-33.33333333333333,0.0,19.999999999999996,-40.0,SCORED_WINDOW,,True,73,1771956900000,50.0,-50.0,-25.0,8.0,72.0,-50.0,-0.5,19.999999999999996,-60.00000000000001,SCORED_WINDOW,,True,125,1772129700000,50.0,-75.0,-75.0,8.0,89.0,-83.33333333333333,-1.5,19.999999999999996,-80.0,SCORED_WINDOW,,True,157,1772734500000,50.0,-75.0,-75.0,8.0,89.0,-83.33333333333333,-1.5,19.999999999999996,-80.0
OPT-LONG-c8fd67a5c31d8351:1771532100000,OPT-LONG-c8fd67a5c31d8351,AMC15-009,O:AMC260306C00001500,HOLDOUT,CALL,30,0.0,CONTINUATION,2026-02-19T20:15:00+00:00,2026-02-19T20:30:00+00:00,SCORED_WINDOW,,True,4,1771598700000,0.0,-33.33333333333333,-16.666666666666664,1.0,3.0,-16.666666666666664,,19.999999999999996,-20.000000000000007,SCORED_WINDOW,,True,24,1771618500000,0.0,-50.0,-16.666666666666664,1.0,9.0,-16.666666666666664,,19.999999999999996,-40.0,SCORED_WINDOW,,True,74,1771964100000,0.0,-66.66666666666666,-33.33333333333333,1.0,65.0,-33.33333333333333,,19.999999999999996,-60.00000000000001,SCORED_WINDOW,,True,125,1772136900000,0.0,-83.33333333333333,-83.33333333333333,1.0,82.0,-83.33333333333333,,19.999999999999996,-80.0,SCORED_WINDOW,,True,150,1772741700000,0.0,-83.33333333333333,-83.33333333333333,1.0,82.0,-83.33333333333333,,19.999999999999996,-80.0
OPT-LONG-c8fd67a5c31d8351:1771603200000,OPT-LONG-c8fd67a5c31d8351,AMC15-009,O:AMC260306C00001500,HOLDOUT,CALL,30,0.0,THESIS_PRESSURE,2026-02-20T16:00:00+00:00,2026-02-20T16:15:00+00:00,SCORED_WINDOW,,True,3,1771606800000,0.0,-20.000000000000007,0.0,1.0,2.0,0.0,,66.66666666666667,33.33333333333335,SCORED_WINDOW,,True,24,1771862400000,0.0,-40.0,-40.0,1.0,18.0,-40.0,,66.66666666666667,0.0,SCORED_WINDOW,,True,74,1772035200000,0.0,-80.0,-80.0,1.0,73.0,-80.0,,66.66666666666667,-66.66666666666666,SCORED_WINDOW,,True,125,1772208000000,0.0,-80.0,-80.0,1.0,73.0,-80.0,,66.66666666666667,-66.66666666666666,SCORED_WINDOW,,True,141,1772812800000,0.0,-80.0,-80.0,1.0,73.0,-80.0,,66.66666666666667,-66.66666666666666
OPT-LONG-c8fd67a5c31d8351:1771606800000,OPT-LONG-c8fd67a5c31d8351,AMC15-009,O:AMC260306C00001500,HOLDOUT,CALL,30,0.0,THESIS_PRESSURE,2026-02-20T17:00:00+00:00,2026-02-20T17:15:00+00:00,SCORED_WINDOW,,True,4,1771610400000,0.0,0.0,0.0,1.0,1.0,0.0,,-20.000000000000007,-20.000000000000007,SCORED_WINDOW,,True,25,1771866000000,25.0,-25.0,-25.0,7.0,15.0,-40.0,-1.0,0.0,-40.0,SCORED_WINDOW,,True,75,1772038800000,25.0,-75.0,-75.0,7.0,70.0,-80.0,-3.0,0.0,-80.0,SCORED_WINDOW,,True,124,1772211600000,25.0,-75.0,-75.0,7.0,70.0,-80.0,-3.0,0.0,-80.0,SCORED_WINDOW,,True,138,1772816400000,25.0,-75.0,-75.0,7.0,70.0,-80.0,-3.0,0.0,-80.0
OPT-LONG-d2e1f6900fab6663:1724679900000,OPT-LONG-d2e1f6900fab6663,AMC15-001,O:AMC240906C00005000,DISCOVERY,CALL,14,0.0,RISK_OR_EXHAUSTION,2024-08-26T13:45:00+00:00,2024-08-26T14:00:00+00:00,SCORED_WINDOW,,True,4,1724683500000,12.5,-25.0,-6.25,1.0,2.0,-16.666666666666664,-0.5,9.090909090909083,-27.27272727272728,SCORED_WINDOW,,True,26,1724766300000,12.5,-31.25,-31.25,1.0,25.0,-38.888888888888886,-2.5,9.090909090909083,-33.333333333333336,SCORED_WINDOW,,True,74,1724939100000,12.5,-65.625,-62.5,1.0,69.0,-66.66666666666667,-5.0,9.090909090909083,-66.66666666666667,SCORED_WINDOW,,True,126,1725371100000,12.5,-78.125,-75.0,1.0,125.0,-77.77777777777779,-6.0,9.090909090909083,-78.78787878787878,SCORED_RIGHT_CENSORED,CONTRACT_EXPIRY,False,228,1725975900000,,,,,,,,,
OPT-LONG-d2e1f6900fab6663:1725040800000,OPT-LONG-d2e1f6900fab6663,AMC15-001,O:AMC240906C00005000,DISCOVERY,CALL,14,0.0,ENTRY_FORMING,2024-08-30T18:00:00+00:00,2024-08-30T18:15:00+00:00,SCORED_WINDOW,,True,4,1725044400000,16.666666666666675,-16.666666666666664,-16.666666666666664,3.0,2.0,-28.57142857142857,-0.9999999999999993,7.692307692307709,-23.076923076923073,SCORED_WINDOW,,True,26,1725386400000,16.666666666666675,-58.33333333333333,-50.0,3.0,17.0,-57.14285714285715,-2.9999999999999987,7.692307692307709,-61.53846153846154,SCORED_WINDOW,,True,78,1725559200000,16.666666666666675,-83.33333333333333,-75.0,3.0,71.0,-78.57142857142858,-4.499999999999997,7.692307692307709,-84.61538461538461,SCORED_RIGHT_CENSORED,CONTRACT_EXPIRY,False,111,1725904800000,,,,,,,,,,SCORED_RIGHT_CENSORED,CONTRACT_EXPIRY,False,111,1726509600000,,,,,,,,,
OPT-LONG-d2e1f6900fab6663:1725371100000,OPT-LONG-d2e1f6900fab6663,AMC15-001,O:AMC240906C00005000,DISCOVERY,CALL,14,0.0,THESIS_PRESSURE,2024-09-03T13:45:00+00:00,2024-09-03T14:00:00+00:00,SCORED_WINDOW,,True,4,1725374700000,0.0,-25.0,-12.49999999999999,1.0,2.0,-12.49999999999999,,0.0,-25.0,SCORED_WINDOW,,True,26,1725457500000,0.0,-62.5,-50.0,1.0,25.0,-50.0,,0.0,-62.5,SCORED_WINDOW,,True,78,1725630300000,0.0,-75.0,-75.0,1.0,62.0,-75.0,,0.0,-75.0,SCORED_RIGHT_CENSORED,CONTRACT_EXPIRY,False,102,1725975900000,,,,,,,,,,SCORED_RIGHT_CENSORED,CONTRACT_EXPIRY,False,102,1726580700000,,,,,,,,,
OPT-LONG-d2e1f6900fab6663:1725375600000,OPT-LONG-d2e1f6900fab6663,AMC15-001,O:AMC240906C00005000,DISCOVERY,CALL,14,0.0,THESIS_PRESSURE,2024-09-03T15:00:00+00:00,2024-09-03T15:15:00+00:00,SCORED_WINDOW,,True,4,1725379200000,0.0,-28.57142857142857,-14.285714285714302,1.0,3.0,-14.285714285714302,,16.666666666666675,-16.666666666666664,SCORED_WINDOW,,True,26,1725462000000,0.0,-57.14285714285715,-28.57142857142857,1.0,20.0,-28.57142857142857,,16.666666666666675,-50.0,SCORED_WINDOW,,True,78,1725634800000,0.0,-85.71428571428572,-85.71428571428572,1.0,74.0,-85.71428571428572,,16.666666666666675,-83.33333333333333,SCORED_RIGHT_CENSORED,CONTRACT_EXPIRY,False,97,1725980400000,,,,,,,,,,SCORED_RIGHT_CENSORED,CONTRACT_EXPIRY,False,97,1726585200000,,,,,,,,,
OPT-LONG-f8fe3947e0f3d8ee:1724679900000,OPT-LONG-f8fe3947e0f3d8ee,AMC15-001,O:AMC240920C00005000,DISCOVERY,CALL,30,0.0,RISK_OR_EXHAUSTION,2024-08-26T13:45:00+00:00,2024-08-26T14:00:00+00:00,SCORED_WINDOW,,True,4,1724683500000,11.627906976744185,-11.627906976744185,-11.627906976744185,1.0,4.0,-20.833333333333325,-1.0,11.627906976744185,-11.627906976744185,SCORED_WINDOW,,True,25,1724766300000,11.627906976744185,-16.279069767441868,-13.953488372093027,1.0,6.0,-22.916666666666664,-1.2000000000000004,11.627906976744185,-16.279069767441868,SCORED_WINDOW,,True,72,1724939100000,11.627906976744185,-62.7906976744186,-41.860465116279066,1.0,47.0,-47.916666666666664,-3.6,11.627906976744185,-62.7906976744186,SCORED_WINDOW,,True,124,1725371100000,11.627906976744185,-62.7906976744186,-46.51162790697674,1.0,47.0,-52.08333333333333,-4.0,11.627906976744185,-62.7906976744186,SCORED_WINDOW,,True,253,1725975900000,11.627906976744185,-65.11627906976744,-46.51162790697674,1.0,206.0,-52.08333333333333,-4.0,11.627906976744185,-65.11627906976744
OPT-LONG-f8fe3947e0f3d8ee:1725040800000,OPT-LONG-f8fe3947e0f3d8ee,AMC15-001,O:AMC240920C00005000,DISCOVERY,CALL,30,0.0,ENTRY_FORMING,2024-08-30T18:00:00+00:00,2024-08-30T18:15:00+00:00,SCORED_WINDOW,,True,4,1725044400000,3.5714285714285587,-10.71428571428572,-7.142857142857151,2.0,3.0,-10.344827586206884,-2.0000000000000093,3.5714285714285587,-10.71428571428572,SCORED_WINDOW,,True,26,1725386400000,7.14285714285714,-28.57142857142857,-14.285714285714302,5.0,19.0,-19.999999999999996,-2.000000000000003,7.14285714285714,-28.57142857142857,SCORED_WINDOW,,True,78,1725559200000,7.14285714285714,-39.28571428571429,-35.71428571428572,5.0,34.0,-40.0,-5.0000000000000036,7.14285714285714,-39.28571428571429,SCORED_WINDOW,,True,129,1725904800000,24.99999999999998,-46.42857142857143,-7.142857142857151,95.0,91.0,-25.71428571428571,-0.2857142857142863,24.99999999999998,-46.42857142857143,SCORED_WINDOW,,True,240,1726509600000,24.99999999999998,-60.71428571428572,-53.571428571428584,95.0,240.0,-62.857142857142854,-2.142857142857145,24.99999999999998,-60.71428571428572
OPT-LONG-f8fe3947e0f3d8ee:1725371100000,OPT-LONG-f8fe3947e0f3d8ee,AMC15-001,O:AMC240920C00005000,DISCOVERY,CALL,30,0.0,THESIS_PRESSURE,2024-09-03T13:45:00+00:00,2024-09-03T14:00:00+00:00,SCORED_WINDOW,,True,4,1725374700000,4.347826086956519,-8.695652173913048,0.0,1.0,1.0,-4.1666666666666625,0.0,4.347826086956519,-8.695652173913048,SCORED_WINDOW,,True,26,1725457500000,8.695652173913038,-26.086956521739125,-8.695652173913048,5.0,25.0,-16.000000000000004,-1.0000000000000013,8.695652173913038,-26.086956521739125,SCORED_WINDOW,,True,77,1725630300000,8.695652173913038,-30.434782608695656,-17.391304347826086,5.0,73.0,-24.0,-2.0000000000000013,8.695652173913038,-30.434782608695656,SCORED_WINDOW,,True,129,1725975900000,52.17391304347825,-34.782608695652186,0.0,86.0,82.0,-34.28571428571428,0.0,52.17391304347825,-34.782608695652186,SCORED_WINDOW,,True,231,1726580700000,52.17391304347825,-52.17391304347827,-43.47826086956522,86.0,231.0,-62.857142857142854,-0.8333333333333335,52.17391304347825,-52.17391304347827
OPT-LONG-f8fe3947e0f3d8ee:1725375600000,OPT-LONG-f8fe3947e0f3d8ee,AMC15-001,O:AMC240920C00005000,DISCOVERY,CALL,30,0.0,THESIS_PRESSURE,2024-09-03T15:00:00+00:00,2024-09-03T15:15:00+00:00,SCORED_WINDOW,,True,4,1725379200000,4.347826086956519,-8.695652173913048,-4.34782608695653,2.0,3.0,-8.333333333333325,-1.0000000000000027,0.0,-12.5,SCORED_WINDOW,,True,26,1725462000000,4.347826086956519,-26.086956521739125,-4.34782608695653,2.0,20.0,-8.333333333333325,-1.0000000000000027,0.0,-29.166666666666664,SCORED_WINDOW,,True,77,1725634800000,8.695652173913038,-34.782608695652186,-26.086956521739125,46.0,77.0,-31.999999999999996,-3.0000000000000013,4.166666666666674,-37.5,SCORED_WINDOW,,True,129,1725980400000,52.17391304347825,-34.782608695652186,8.695652173913038,81.0,77.0,-28.57142857142857,0.16666666666666657,45.83333333333333,-37.5,SCORED_WINDOW,,True,226,1726585200000,52.17391304347825,-52.17391304347827,-43.47826086956522,81.0,226.0,-62.857142857142854,-0.8333333333333335,45.83333333333333,-54.166666666666664
OPT-LONG-f8fe3947e0f3d8ee:1725911100000,OPT-LONG-f8fe3947e0f3d8ee,AMC15-001,O:AMC240920C00005000,DISCOVERY,CALL,30,0.0,ENTRY_FORMING,2024-09-09T19:45:00+00:00,2024-09-09T20:00:00+00:00,SCORED_WINDOW,,True,4,1725977700000,7.407407407407396,-14.814814814814813,-7.407407407407418,1.0,2.0,-13.793103448275856,-1.000000000000003,7.407407407407396,-14.814814814814813,SCORED_WINDOW,,True,26,1725997500000,7.407407407407396,-22.222222222222232,-7.407407407407418,1.0,12.0,-13.793103448275856,-1.000000000000003,7.407407407407396,-22.222222222222232,SCORED_WINDOW,,True,78,1726170300000,7.407407407407396,-48.14814814814815,-40.74074074074075,1.0,31.0,-44.82758620689654,-5.50000000000001,7.407407407407396,-48.14814814814815,SCORED_WINDOW,,True,104,1726515900000,7.407407407407396,-59.25925925925925,-51.85185185185186,1.0,104.0,-55.172413793103445,-7.000000000000012,7.407407407407396,-59.25925925925925,SCORED_RIGHT_CENSORED,CONTRACT_EXPIRY,False,104,1727120700000,,,,,,,,,
OPT-LONG-f8fe3947e0f3d8ee:1725984900000,OPT-LONG-f8fe3947e0f3d8ee,AMC15-001,O:AMC240920C00005000,DISCOVERY,CALL,30,0.0,THESIS_PRESSURE,2024-09-10T16:15:00+00:00,2024-09-10T16:30:00+00:00,SCORED_WINDOW,,True,4,1725988500000,14.28571428571428,0.0,9.523809523809534,3.0,1.0,-4.1666666666666625,0.6666666666666677,9.090909090909083,-4.545454545454552,SCORED_WINDOW,,True,26,1726071300000,19.047619047619047,-33.33333333333333,-23.809523809523803,14.0,19.0,-36.0,-1.2499999999999998,13.636363636363647,-36.36363636363635,SCORED_WINDOW,,True,78,1726244100000,19.047619047619047,-38.095238095238095,-38.095238095238095,14.0,76.0,-48.0,-2.0,13.636363636363647,-40.90909090909091,SCORED_WINDOW,,True,92,1726589700000,19.047619047619047,-47.61904761904761,-38.095238095238095,14.0,92.0,-48.0,-2.0,13.636363636363647,-50.0,SCORED_RIGHT_CENSORED,CONTRACT_EXPIRY,False,92,1727194500000,,,,,,,,,
OPT-LONG-f8fe3947e0f3d8ee:1725988500000,OPT-LONG-f8fe3947e0f3d8ee,AMC15-001,O:AMC240920C00005000,DISCOVERY,CALL,30,0.0,THESIS_PRESSURE,2024-09-10T17:15:00+00:00,2024-09-10T17:30:00+00:00,SCORED_WINDOW,,True,4,1725992100000,4.347826086956519,-4.34782608695653,0.0,4.0,1.0,-4.1666666666666625,0.0,4.347826086956519,-4.34782608695653,SCORED_WINDOW,,True,26,1726074900000,8.695652173913038,-39.13043478260869,-21.739130434782616,10.0,15.0,-28.000000000000004,-2.5000000000000027,8.695652173913038,-39.13043478260869,SCORED_WINDOW,,True,78,1726247700000,8.695652173913038,-47.82608695652174,-43.47826086956522,10.0,78.0,-48.0,-5.0000000000000036,8.695652173913038,-47.82608695652174,SCORED_WINDOW,,True,88,1726593300000,8.695652173913038,-52.17391304347827,-43.47826086956522,10.0,88.0,-48.0,-5.0000000000000036,8.695652173913038,-52.17391304347827,SCORED_RIGHT_CENSORED,CONTRACT_EXPIRY,False,88,1727198100000,,,,,,,,,
OPT-LONG-f8fe3947e0f3d8ee:1725996600000,OPT-LONG-f8fe3947e0f3d8ee,AMC15-001,O:AMC240920C00005000,DISCOVERY,CALL,30,0.0,CONTINUATION,2024-09-10T19:30:00+00:00,2024-09-10T19:45:00+00:00,SCORED_WINDOW,,True,4,1726063200000,8.695652173913038,-34.782608695652186,-21.739130434782616,1.0,2.0,-28.000000000000004,-2.5000000000000027,13.636363636363647,-31.818181818181824,SCORED_WINDOW,,True,26,1726083000000,8.695652173913038,-39.13043478260869,-17.391304347826086,1.0,6.0,-24.0,-2.0000000000000013,13.636363636363647,-36.36363636363635,SCORED_WINDOW,,True,78,1726255800000,8.695652173913038,-47.82608695652174,-47.82608695652174,1.0,69.0,-52.0,-5.5000000000000036,13.636363636363647,-45.45454545454546,SCORED_WINDOW,,True,79,1726601400000,8.695652173913038,-52.17391304347827,-43.47826086956522,1.0,79.0,-48.0,-5.0000000000000036,13.636363636363647,-50.0,SCORED_RIGHT_CENSORED,CONTRACT_EXPIRY,False,79,1727206200000,,,,,,,,,
OPT-LONG-f8fe3947e0f3d8ee:1726067700000,OPT-LONG-f8fe3947e0f3d8ee,AMC15-001,O:AMC240920C00005000,DISCOVERY,CALL,30,0.0,THESIS_PRESSURE,2024-09-11T15:15:00+00:00,2024-09-11T15:30:00+00:00,SCORED_WINDOW,,True,4,1726071300000,0.0,-5.882352941176472,-5.882352941176472,1.0,1.0,-5.882352941176472,,13.333333333333353,6.666666666666665,SCORED_WINDOW,,True,26,1726154100000,35.29411764705881,-5.882352941176472,5.88235294117645,19.0,1.0,-21.739130434782616,0.16666666666666613,53.33333333333334,6.666666666666665,SCORED_WINDOW,,True,70,1726499700000,35.29411764705881,-35.29411764705883,-23.529411764705888,19.0,70.0,-43.47826086956522,-0.6666666666666671,53.33333333333334,-26.66666666666666,SCORED_WINDOW,,True,70,1726672500000,35.29411764705881,-35.29411764705883,-23.529411764705888,19.0,70.0,-43.47826086956522,-0.6666666666666671,53.33333333333334,-26.66666666666666,SCORED_RIGHT_CENSORED,CONTRACT_EXPIRY,False,70,1727277300000,,,,,,,,,
OPT-LONG-f8fe3947e0f3d8ee:1726072200000,OPT-LONG-f8fe3947e0f3d8ee,AMC15-001,O:AMC240920C00005000,DISCOVERY,CALL,30,0.0,THESIS_PRESSURE,2024-09-11T16:30:00+00:00,2024-09-11T16:45:00+00:00,SCORED_WINDOW,,True,4,1726075800000,12.5,0.0,12.5,2.0,1.0,0.0,1.0,12.5,0.0,SCORED_WINDOW,,True,26,1726158600000,43.75,0.0,12.5,14.0,1.0,-21.739130434782616,0.2857142857142857,43.75,0.0,SCORED_WINDOW,,True,65,1726504200000,43.75,-31.25,-18.75,14.0,65.0,-43.47826086956522,-0.42857142857142855,43.75,-31.25,SCORED_WINDOW,,True,65,1726677000000,43.75,-31.25,-18.75,14.0,65.0,-43.47826086956522,-0.42857142857142855,43.75,-31.25,SCORED_RIGHT_CENSORED,CONTRACT_EXPIRY,False,65,1727281800000,,,,,,,,,
OPT-LONG-f8fe3947e0f3d8ee:1726074000000,OPT-LONG-f8fe3947e0f3d8ee,AMC15-001,O:AMC240920C00005000,DISCOVERY,CALL,30,0.0,CONTINUATION,2024-09-11T17:00:00+00:00,2024-09-11T17:15:00+00:00,SCORED_WINDOW,,True,4,1726077600000,0.0,-5.5555555555555465,0.0,1.0,1.0,0.0,,5.88235294117645,0.0,SCORED_WINDOW,,True,26,1726160400000,27.77777777777779,-5.5555555555555465,-5.5555555555555465,12.0,1.0,-26.086956521739125,-0.1999999999999996,35.29411764705881,0.0,SCORED_WINDOW,,True,63,1726506000000,27.77777777777779,-38.888888888888886,-27.777777777777768,12.0,63.0,-43.47826086956522,-0.9999999999999992,35.29411764705881,-35.29411764705883,SCORED_WINDOW,,True,63,1726678800000,27.77777777777779,-38.888888888888886,-27.777777777777768,12.0,63.0,-43.47826086956522,-0.9999999999999992,35.29411764705881,-35.29411764705883,SCORED_RIGHT_CENSORED,CONTRACT_EXPIRY,False,63,1727283600000,,,,,,,,,
OPT-LONG-f8fe3947e0f3d8ee:1726083000000,OPT-LONG-f8fe3947e0f3d8ee,AMC15-001,O:AMC240920C00005000,DISCOVERY,CALL,30,0.0,THESIS_PRESSURE,2024-09-11T19:30:00+00:00,2024-09-11T19:45:00+00:00,SCORED_WINDOW,,True,4,1726149600000,27.77777777777779,0.0,11.111111111111116,2.0,1.0,-13.043478260869568,0.4,21.052631578947366,-5.263157894736848,SCORED_WINDOW,,True,26,1726169400000,27.77777777777779,-16.666666666666664,-11.111111111111105,2.0,26.0,-30.434782608695656,-0.39999999999999963,21.052631578947366,-21.052631578947366,SCORED_WINDOW,,True,53,1726515000000,27.77777777777779,-38.888888888888886,-27.777777777777768,2.0,53.0,-43.47826086956522,-0.9999999999999992,21.052631578947366,-42.10526315789473,SCORED_WINDOW,,True,53,1726687800000,27.77777777777779,-38.888888888888886,-27.777777777777768,2.0,53.0,-43.47826086956522,-0.9999999999999992,21.052631578947366,-42.10526315789473,SCORED_RIGHT_CENSORED,CONTRACT_EXPIRY,False,53,1727292600000,,,,,,,,,
OPT-LONG-f8fe3947e0f3d8ee:1726237800000,OPT-LONG-f8fe3947e0f3d8ee,AMC15-001,O:AMC240920C00005000,DISCOVERY,CALL,30,0.0,CONTINUATION,2024-09-13T14:30:00+00:00,2024-09-13T14:45:00+00:00,SCORED_WINDOW,,True,4,1726241400000,6.25,-12.49999999999999,0.0,1.0,3.0,-5.882352941176472,0.0,6.25,-12.49999999999999,SCORED_WINDOW,,True,21,1726497000000,6.25,-31.25,-18.75,1.0,21.0,-23.529411764705888,-3.0,6.25,-31.25,SCORED_WINDOW,,True,21,1726669800000,6.25,-31.25,-18.75,1.0,21.0,-23.529411764705888,-3.0,6.25,-31.25,SCORED_WINDOW,,True,21,1726842600000,6.25,-31.25,-18.75,1.0,21.0,-23.529411764705888,-3.0,6.25,-31.25,SCORED_RIGHT_CENSORED,CONTRACT_EXPIRY,False,21,1727447400000,,,,,,,,,
